beds,baths,size,size_units,lot_size,lot_size_units,zip_code,price
3,2.5,2590,sqft,6000,sqft,98144,yes
4,2,2240,sqft,0.31,acre,98106,yes
4,3,2040,sqft,3783,sqft,98107,yes
4,3,3800,sqft,5175,sqft,98199,yes
2,2,1042,sqft,,,98102,yes
2,2,1190,sqft,1,acre,98107,yes
1,1,670,sqft,6000,sqft,98133,yes
5,3.5,4510,sqft,6000,sqft,98105,no
3,2.5,1520,sqft,741,sqft,98108,no
4,2,2340,sqft,9500,sqft,98178,no
3,2,1320,sqft,1386,sqft,98103,yes
3,2,1800,sqft,3993,sqft,98177,yes
3,2.5,2490,sqft,5757,sqft,98103,yes
4,3,2650,sqft,6380,sqft,98115,yes
5,1.5,2560,sqft,5200,sqft,98199,yes
2,1.5,900,sqft,,,98133,yes
3,3.5,1360,sqft,,,98103,yes
1,1,550,sqft,,,98122,yes
3,2.5,2974,sqft,3840,sqft,98119,yes
4,3.5,1989,sqft,1607,sqft,98117,yes
2,2,1332,sqft,1101,sqft,98199,yes
4,3,2668,sqft,5589,sqft,98116,no
2,1,770,sqft,5250,sqft,98133,no
3,1.5,1280,sqft,9100,sqft,98146,yes
5,3.5,3200,sqft,9260,sqft,98133,yes
2,1.5,889,sqft,0.23,acre,98103,yes
1,1,508,sqft,,,98109,yes
3,2,3140,sqft,5000,sqft,98117,yes
4,2,2000,sqft,8077,sqft,98125,yes
1,1,792,sqft,,,98101,yes
3,2.5,1690,sqft,1733,sqft,98108,yes
4,5.5,3000,sqft,5520,sqft,98126,yes
3,3,1550,sqft,1400,sqft,98115,yes
2,2,871,sqft,0.29,acre,98119,yes
4,1.5,1940,sqft,8778,sqft,98118,yes
1,1,474,sqft,,,98101,yes
3,2,1770,sqft,3349,sqft,98146,yes
5,5,2510,sqft,0.27,acre,98133,yes
1,1,750,sqft,,,98199,yes
1,1,573,sqft,,,98102,yes
3,2.5,1500,sqft,1056,sqft,98103,yes
5,4,2920,sqft,6323,sqft,98133,yes
3,2,2817,sqft,6375,sqft,98103,yes
1,1,617,sqft,0.49,acre,98109,yes
2,2,1280,sqft,3000,sqft,98112,yes
2,2,1523,sqft,,,98121,yes
2,1,1240,sqft,5038,sqft,98126,yes
4,2.5,2280,sqft,3932,sqft,98106,yes
5,3.5,3590,sqft,0.36,acre,98136,yes
4,3.5,2478,sqft,2761,sqft,98115,yes
3,3,2360,sqft,6600,sqft,98117,no
2,1,720,sqft,7500,sqft,98177,no
3,2,2480,sqft,5829,sqft,98126,yes
3,2,1550,sqft,6720,sqft,98199,yes
2,1,780,sqft,3060,sqft,98103,yes
5,3,2820,sqft,6250,sqft,98136,yes
5,3,2900,sqft,3600,sqft,98112,yes
2,2,1092,sqft,5500,sqft,98122,yes
3,2,1731,sqft,7514,sqft,98125,yes
3,2.5,1500,sqft,8240,sqft,98105,yes
2,2.5,1344,sqft,1110,sqft,98122,yes
4,5.5,4040,sqft,8965,sqft,98105,yes
5,3,2320,sqft,0.27,acre,98168,yes
5,3,2820,sqft,6250,sqft,98136,yes
3,1,1070,sqft,3840,sqft,98117,yes
2,1,1113,sqft,,,98102,yes
4,2,2100,sqft,4864,sqft,98117,yes
3,2.5,2620,sqft,4080,sqft,98119,yes
3,2,1270,sqft,1333,sqft,98103,yes
3,2,2702,sqft,6600,sqft,98103,yes
4,3.5,2031,sqft,1,acre,98117,yes
3,2,2350,sqft,7320,sqft,98178,yes
4,1.5,2640,sqft,7440,sqft,98115,yes
3,1.5,1340,sqft,5120,sqft,98106,yes
6,3.5,8660,sqft,0.28,acre,98102,yes
2,2.5,1365,sqft,,,98118,yes
1,1,635,sqft,,,98104,yes
3,1,1800,sqft,0.27,acre,98168,yes
2,1,870,sqft,6554,sqft,98118,yes
3,3.5,1510,sqft,1239,sqft,98103,yes
3,1,1120,sqft,6096,sqft,98106,yes
4,2.5,2580,sqft,0.26,acre,98146,yes
2,2,875,sqft,,,98115,yes
3,4,2220,sqft,974,sqft,98109,yes
1,1,607,sqft,,,98119,no
3,2,1496,sqft,1,acre,98144,no
4,3.5,2670,sqft,3405,sqft,98118,yes
2,1.5,1810,sqft,6827,sqft,98115,yes
1,1,582,sqft,0.5,acre,98109,yes
2,2,1006,sqft,,,98121,yes
3,5.5,1530,sqft,1336,sqft,98103,yes
2,1,820,sqft,5100,sqft,98118,yes
3,2,1960,sqft,5000,sqft,98105,yes
4,3,2110,sqft,0.24,acre,98133,yes
4,3.5,3010,sqft,4000,sqft,98106,yes
3,1,2200,sqft,5000,sqft,98105,yes
3,2.5,1820,sqft,4.05,acre,98118,yes
4,4,3040,sqft,4000,sqft,98119,yes
3,2,1800,sqft,6180,sqft,98118,yes
1,1,800,sqft,,,98122,yes
3,3,1450,sqft,525,sqft,98117,yes
1,1,756,sqft,,,98121,yes
1,1,742,sqft,,,98126,yes
4,2,2400,sqft,5400,sqft,98119,yes
2,2,1607,sqft,,,98101,yes
4,3.5,3057,sqft,7650,sqft,98117,yes
1,1,649,sqft,,,98105,yes
4,4,3142,sqft,6000,sqft,98119,yes
3,1,1050,sqft,3750,sqft,98106,yes
3,2,1720,sqft,5000,sqft,98199,yes
3,3.5,2650,sqft,8500,sqft,98136,yes
2,1.5,2680,sqft,6000,sqft,98102,yes
4,2.5,2550,sqft,5000,sqft,98115,yes
9,4,3800,sqft,6000,sqft,98116,yes
2,2,1320,sqft,,,98125,yes
4,2,1910,sqft,6000,sqft,98168,yes
2,1,773,sqft,0.25,acre,98133,yes
1,1,589,sqft,,,98121,yes
1,1,510,sqft,,,98102,yes
4,3.5,2661,sqft,4081,sqft,98108,yes
2,2,843,sqft,,,98103,yes
4,3,2250,sqft,5250,sqft,98115,yes
4,1.5,2080,sqft,5000,sqft,98116,yes
3,3.5,1370,sqft,982,sqft,98117,yes
1,1,699,sqft,4.27,acre,98115,yes
2,3,1840,sqft,9420,sqft,98125,yes
4,3.5,3040,sqft,0.39,acre,98177,yes
2,1,858,sqft,,,98144,yes
5,8.5,3110,sqft,4455,sqft,98115,yes
2,2,1147,sqft,564,sqft,98115,yes
2,1,868,sqft,,,98144,yes
2,2.5,1538,sqft,900,sqft,98105,yes
2,1,1480,sqft,4600,sqft,98126,yes
2,2,932,sqft,,,98103,yes
2,2,981,sqft,,,98133,yes
2,2,866,sqft,649,sqft,98107,yes
4,3.5,2000,sqft,1532,sqft,98115,yes
3,3.5,1470,sqft,1375,sqft,98117,yes
2,2,1840,sqft,5000,sqft,98122,yes
4,2,2230,sqft,5940,sqft,98125,yes
2,1.5,1290,sqft,1332,sqft,98115,yes
3,2.5,1670,sqft,,,98178,yes
1,1,630,sqft,0.24,acre,98146,yes
3,2,1880,sqft,3200,sqft,98144,yes
2,2,1188,sqft,,,98102,yes
2,1.5,1300,sqft,3146,sqft,98133,yes
1,1,857,sqft,,,98121,yes
2,2,1071,sqft,1.54,acre,98119,yes
5,4,2810,sqft,5000,sqft,98103,yes
4,2.5,2400,sqft,3200,sqft,98109,yes
3,3.5,1670,sqft,,,98178,yes
3,2.5,2734,sqft,4000,sqft,98109,yes
3,2.5,1670,sqft,1687,sqft,98117,yes
3,3,1530,sqft,2260,sqft,98126,yes
4,1,1720,sqft,2835,sqft,98122,yes
3,1,1200,sqft,5786,sqft,98105,yes
5,3,2030,sqft,5046,sqft,98144,yes
3,2,2370,sqft,4865,sqft,98126,yes
3,1.5,1720,sqft,3825,sqft,98117,yes
1,1,813,sqft,0.24,acre,98121,yes
3,2,1590,sqft,8937,sqft,98106,yes
1,1,626,sqft,,,98122,yes
2,1,840,sqft,4000,sqft,98108,yes
2,2,1030,sqft,,,98122,yes
5,2.5,2870,sqft,8741,sqft,98168,yes
1,1,792,sqft,,,98121,yes
2,1.5,994,sqft,1494,sqft,98106,yes
3,2,1630,sqft,6000,sqft,98168,yes
3,1.5,1172,sqft,,,98122,yes
3,2,1806,sqft,4400,sqft,98126,yes
4,2.5,3060,sqft,4590,sqft,98115,yes
5,3.5,3820,sqft,7200,sqft,98118,yes
2,2,1328,sqft,,,98104,yes
3,2.5,2350,sqft,7200,sqft,98115,yes
3,2.5,2080,sqft,9880,sqft,98117,yes
3,1,1000,sqft,5960,sqft,98118,yes
2,1.5,1131,sqft,1,acre,98144,yes
4,3,2230,sqft,9625,sqft,98178,yes
5,3,3130,sqft,5750,sqft,98122,yes
5,3,3750,sqft,5000,sqft,98107,yes
2,2,1080,sqft,,,98144,yes
2,2,1720,sqft,5000,sqft,98116,yes
1,1,854,sqft,,,98107,yes
3,2,1286,sqft,870,sqft,98136,yes
2,1.5,1230,sqft,,,98122,yes
2,1,1422,sqft,3399,sqft,98117,yes
4,3.5,3956,sqft,0.29,acre,98125,yes
6,5,3620,sqft,5500,sqft,98119,yes
3,1.5,1370,sqft,6556,sqft,98178,yes
1,1,700,sqft,,,98144,yes
2,3,1824,sqft,0.37,acre,98101,yes
1,1,956,sqft,,,98104,yes
4,2,2370,sqft,5000,sqft,98115,yes
4,2.5,2200,sqft,5146,sqft,98106,yes
6,3,3020,sqft,0.75,acre,98178,yes
5,3,3400,sqft,0.43,acre,98168,yes
3,1,1660,sqft,4349,sqft,98115,yes
4,2,2080,sqft,7200,sqft,98178,yes
2,1.5,917,sqft,,,98103,yes
2,1,900,sqft,6150,sqft,98126,yes
4,4.5,3960,sqft,7025,sqft,98144,yes
1,1,889,sqft,,,98121,yes
5,3.5,3310,sqft,6328,sqft,98115,yes
1,1,621,sqft,0.31,acre,98133,yes
3,3.5,1467,sqft,,,98144,yes
4,2,1910,sqft,5166,sqft,98106,yes
3,2.5,1563,sqft,1950,sqft,98118,yes
5,3.5,3340,sqft,0.24,acre,98106,yes
4,3,2390,sqft,3600,sqft,98119,yes
2,1.5,1131,sqft,1,acre,98144,yes
2,2,1201,sqft,720,sqft,98103,yes
3,3,1940,sqft,5000,sqft,98199,yes
1,1,519,sqft,,,98105,yes
2,1,1760,sqft,4625,sqft,98116,yes
4,3,1680,sqft,3080,sqft,98117,yes
2,2,1192,sqft,928,sqft,98103,yes
4,4,2300,sqft,3589,sqft,98105,yes
3,2.5,2304,sqft,5000,sqft,98117,yes
4,4,2650,sqft,6000,sqft,98103,yes
5,4,4210,sqft,5200,sqft,98105,yes
4,3,2840,sqft,9996,sqft,98177,yes
2,1,980,sqft,4100,sqft,98107,yes
4,4.5,2440,sqft,5000,sqft,98105,yes
2,2,1140,sqft,2550,sqft,98117,yes
4,3.5,1824,sqft,3250,sqft,98103,yes
2,2,1115,sqft,0.96,acre,98121,yes
4,3,2478,sqft,4001,sqft,98105,yes
2,2,1140,sqft,5445,sqft,98133,yes
3,1.5,1172,sqft,5760,sqft,98122,yes
2,2,1433,sqft,1948,sqft,98136,yes
3,2,1520,sqft,4000,sqft,98117,yes
3,2.5,1380,sqft,2250,sqft,98106,yes
15,6,11010,sqft,0.33,acre,98112,yes
4,2,1750,sqft,4950,sqft,98105,yes
3,2.5,3590,sqft,4250,sqft,98103,yes
1,1,646,sqft,,,98133,yes
5,3,2040,sqft,6180,sqft,98118,yes
2,2,1560,sqft,6750,sqft,98115,yes
2,2.5,1088,sqft,5500,sqft,98107,yes
2,1,1460,sqft,5700,sqft,98115,yes
3,2,1380,sqft,2909,sqft,98117,yes
2,1,1000,sqft,4640,sqft,98116,yes
2,2,1128,sqft,6000,sqft,98144,yes
1,1,776,sqft,1.09,acre,98116,yes
3,2.5,2000,sqft,7440,sqft,98106,yes
3,2,2029,sqft,,,98115,yes
4,5.5,2867,sqft,4983,sqft,98115,yes
4,3,1180,sqft,4650,sqft,98117,yes
3,2,1920,sqft,3154,sqft,98199,yes
2,2,2220,sqft,5950,sqft,98126,yes
2,3,1300,sqft,915,sqft,98107,yes
1,1,596,sqft,,,98109,yes
3,2,1460,sqft,5005,sqft,98106,yes
3,2.5,2500,sqft,4305,sqft,98117,yes
3,2.5,1540,sqft,1037,sqft,98122,yes
5,3,2550,sqft,6604,sqft,98106,yes
2,2,1018,sqft,,,98199,yes
3,2.5,1520,sqft,1062,sqft,98106,yes
1,1,640,sqft,0.35,acre,98104,yes
4,3,2190,sqft,5136,sqft,98126,yes
2,1,930,sqft,6000,sqft,98133,yes
5,2.5,2900,sqft,0.23,acre,98106,yes
4,3.5,2780,sqft,4000,sqft,98112,yes
3,1,2560,sqft,8927,sqft,98125,yes
1,1,613,sqft,,,98122,yes
3,2.5,1566,sqft,1602,sqft,98122,yes
2,2,1245,sqft,4.11,acre,98168,yes
3,2.5,1190,sqft,1290,sqft,98144,yes
5,2.5,2760,sqft,6350,sqft,98126,yes
4,1.5,3260,sqft,5568,sqft,98199,yes
4,3,2380,sqft,4635,sqft,98115,yes
2,2.5,1884,sqft,0.27,acre,98116,yes
3,2.5,1712,sqft,1215,sqft,98117,yes
2,2,1196,sqft,780,sqft,98107,yes
3,2,1098,sqft,2320,sqft,98105,yes
3,3,1250,sqft,6350,sqft,98117,yes
1,1,880,sqft,4500,sqft,98122,yes
2,1.5,822,sqft,,,98144,yes
4,2,1595,sqft,5500,sqft,98118,yes
3,3,2380,sqft,5000,sqft,98136,yes
3,2,3190,sqft,4380,sqft,98112,yes
3,2.5,1465,sqft,2973,sqft,98119,yes
4,2,2910,sqft,8360,sqft,98115,yes
2,3,1140,sqft,650,sqft,98144,yes
1,1,500,sqft,4000,sqft,98168,yes
3,2,1580,sqft,6400,sqft,98126,yes
1,1,683,sqft,,,98121,yes
5,3,2430,sqft,7812,sqft,98133,yes
2,2,1128,sqft,,,98136,yes
2,2,2360,sqft,5800,sqft,98199,yes
3,2.5,1396,sqft,4800,sqft,98136,yes
1,1,615,sqft,,,98102,yes
4,2,2340,sqft,7500,sqft,98115,yes
4,1.5,2140,sqft,6511,sqft,98125,yes
4,3,2980,sqft,4480,sqft,98105,yes
3,1.5,1390,sqft,9350,sqft,98168,yes
2,1,720,sqft,4240,sqft,98106,yes
1,1,712,sqft,,,98133,yes
4,2.5,1850,sqft,2856,sqft,98108,yes
3,4.5,1710,sqft,1326,sqft,98126,yes
2,1,970,sqft,0.35,acre,98106,yes
3,2,1606,sqft,900,sqft,98109,yes
3,2.5,1815,sqft,1500,sqft,98103,yes
2,1,1120,sqft,1188,sqft,98122,yes
4,2,2220,sqft,9295,sqft,98177,yes
1,1,570,sqft,,,98116,yes
3,2,1460,sqft,4590,sqft,98117,yes
5,3,3820,sqft,7980,sqft,98116,yes
3,3.5,2480,sqft,2400,sqft,98119,yes
5,3,2777,sqft,7026,sqft,98125,yes
2,2,1170,sqft,588,sqft,98144,yes
1,1,587,sqft,,,98125,yes
3,1,1430,sqft,2280,sqft,98103,yes
2,5.5,1320,sqft,1250,sqft,98144,yes
2,2,2170,sqft,5250,sqft,98116,yes
1,1,635,sqft,,,98102,yes
3,1.5,1630,sqft,6615,sqft,98115,yes
2,2,1900,sqft,2164,sqft,98122,yes
3,2,1760,sqft,4000,sqft,98106,yes
3,2.5,1712,sqft,1514,sqft,98107,yes
4,2.5,3190,sqft,5500,sqft,98102,yes
4,3.5,3590,sqft,4000,sqft,98109,yes
1,1,630,sqft,4895,sqft,98133,yes
2,2,1150,sqft,,,98121,yes
5,2,1830,sqft,5220,sqft,98118,yes
2,1,760,sqft,3072,sqft,98144,yes
3,2.5,2600,sqft,5100,sqft,98117,yes
3,2,2130,sqft,4850,sqft,98107,yes
3,3.5,2899,sqft,5346,sqft,98199,yes
3,1,1090,sqft,0.31,acre,98178,yes
4,4,3360,sqft,5000,sqft,98107,yes
4,2.5,2240,sqft,5229,sqft,98117,yes
2,1,886,sqft,8863,sqft,98112,yes
3,2,1560,sqft,4960,sqft,98106,yes
4,2,1730,sqft,8100,sqft,98146,yes
3,2,1700,sqft,5346,sqft,98115,yes
4,3.5,1909,sqft,1544,sqft,98103,yes
3,2,2180,sqft,3740,sqft,98117,yes
1,1,681,sqft,,,98105,yes
3,3,1460,sqft,7200,sqft,98144,yes
1,1,704,sqft,,,98119,yes
2,1,1010,sqft,6750,sqft,98125,yes
2,2.5,1635,sqft,,,98102,yes
2,1.5,1022,sqft,,,98144,yes
3,1,990,sqft,8100,sqft,98146,yes
2,2,1164,sqft,8280,sqft,98117,yes
1,1,583,sqft,0.29,acre,98119,yes
2,1.5,888,sqft,,,98103,yes
4,2,2740,sqft,6000,sqft,98119,yes
3,2,1670,sqft,5400,sqft,98118,yes
3,1,830,sqft,7800,sqft,98125,yes
2,2,1200,sqft,1247,sqft,98122,yes
3,3.5,2530,sqft,1880,sqft,98102,yes
4,3,2660,sqft,5100,sqft,98117,yes
4,2,2820,sqft,4764,sqft,98117,yes
2,1,1011,sqft,0.24,acre,98103,yes
2,1.5,1088,sqft,1518,sqft,98106,yes
6,3.5,3785,sqft,5150,sqft,98117,yes
3,2,1540,sqft,1102,sqft,98144,yes
2,1.5,1180,sqft,0.25,acre,98168,yes
3,3.5,1968,sqft,1498,sqft,98199,yes
1,1,610,sqft,0.59,acre,98119,yes
2,2,1346,sqft,0.53,acre,98116,yes
2,2.5,1320,sqft,1030,sqft,98133,yes
3,3.5,3064,sqft,0.59,acre,98121,yes
3,2,2980,sqft,5800,sqft,98115,yes
4,3.5,3050,sqft,6146,sqft,98102,yes
3,2,2020,sqft,7200,sqft,98133,yes
3,2.5,1926,sqft,1483,sqft,98122,yes
2,1,1330,sqft,7425,sqft,98125,no
3,2,2410,sqft,4950,sqft,98199,no
2,2.5,1580,sqft,5000,sqft,98106,yes
3,1,1030,sqft,4480,sqft,98105,yes
3,3,1630,sqft,6721,sqft,98168,yes
4,2.5,2370,sqft,3600,sqft,98146,yes
1,1,783,sqft,,,98101,yes
4,1,1310,sqft,6000,sqft,98146,yes
3,2,1996,sqft,4656,sqft,98117,yes
3,2,1580,sqft,6396,sqft,98126,yes
1,1,781,sqft,,,98122,yes
2,2,1517,sqft,,,98105,yes
4,2,2360,sqft,6120,sqft,98115,yes
3,2,1496,sqft,1,acre,98144,yes
2,2.5,1250,sqft,1027,sqft,98117,yes
2,2,1810,sqft,,,98119,yes
1,1,531,sqft,,,98121,yes
4,2.5,2380,sqft,5000,sqft,98105,yes
2,2,1095,sqft,617,sqft,98177,yes
2,2,1080,sqft,1175,sqft,98106,yes
2,2,1146,sqft,800,sqft,98112,yes
4,2.5,1544,sqft,2352,sqft,98117,yes
1,1,707,sqft,0.26,acre,98122,yes
4,3,2067,sqft,1,acre,98122,yes
4,3,2360,sqft,7200,sqft,98115,yes
2,2,724,sqft,5400,sqft,98103,yes
2,2.5,1649,sqft,,,98118,yes
5,2.5,2180,sqft,4069,sqft,98118,no
3,2,1960,sqft,4400,sqft,98199,no
1,1,727,sqft,5250,sqft,98103,yes
3,2,1209,sqft,752,sqft,98116,yes
1,1,650,sqft,,,98116,yes
5,3,3070,sqft,3400,sqft,98117,yes
4,2.5,2130,sqft,6250,sqft,98136,yes
4,2.5,2220,sqft,3770,sqft,98144,yes
4,3,2288,sqft,6550,sqft,98126,yes
2,2,1370,sqft,,,98121,yes
5,3,3120,sqft,7865,sqft,98178,yes
4,2.5,2180,sqft,6099,sqft,98115,yes
3,2,1590,sqft,3000,sqft,98146,yes
3,1.5,2220,sqft,6270,sqft,98115,yes
1,1,813,sqft,,,98178,yes
1,1,574,sqft,1.17,acre,98109,yes
4,2,2480,sqft,5996,sqft,98122,yes
4,3,3320,sqft,5750,sqft,98116,yes
2,1,1720,sqft,5017,sqft,98118,yes
3,2,2050,sqft,5000,sqft,98109,yes
4,3,2370,sqft,3880,sqft,98115,yes
4,5,3660,sqft,0.29,acre,98118,yes
3,3.5,1670,sqft,905,sqft,98107,yes
2,3.5,990,sqft,0.86,acre,98178,yes
3,3,3120,sqft,5996,sqft,98199,yes
3,2,2260,sqft,6000,sqft,98199,no
2,1,650,sqft,3780,sqft,98103,no
3,3.5,1540,sqft,2322,sqft,98126,yes
3,3.5,1980,sqft,1659,sqft,98144,yes
3,1,2160,sqft,5100,sqft,98115,yes
4,2.5,3080,sqft,0.3,acre,98117,yes
2,3,1740,sqft,4148,sqft,98105,yes
3,2,1900,sqft,4000,sqft,98112,yes
9,5,3940,sqft,5303,sqft,98133,yes
2,1.5,1366,sqft,,,98116,yes
4,1.5,1920,sqft,0.24,acre,98125,yes
1,1,715,sqft,,,98115,yes
3,2.5,1610,sqft,1690,sqft,98107,yes
6,4,2960,sqft,3796,sqft,98199,yes
4,2,1810,sqft,5100,sqft,98117,yes
2,2,1125,sqft,,,98102,yes
2,2,1893,sqft,9.2,acre,98115,yes
3,2,1096,sqft,1,acre,98117,yes
3,4.5,3760,sqft,7000,sqft,98199,yes
4,2.5,2720,sqft,8000,sqft,98136,yes
2,2,1510,sqft,7200,sqft,98105,no
2,2,1350,sqft,815,sqft,98119,no
4,3.5,2980,sqft,4800,sqft,98112,yes
2,2,1443,sqft,,,98168,yes
2,2,1170,sqft,,,98115,yes
5,2,2260,sqft,3848,sqft,98117,yes
3,2,1990,sqft,8710,sqft,98146,yes
2,1.5,1555,sqft,0.96,acre,98122,yes
3,2,2350,sqft,4400,sqft,98122,yes
2,1,1440,sqft,6090,sqft,98125,yes
1,1,627,sqft,1.06,acre,98107,yes
1,1,551,sqft,,,98121,yes
2,1,770,sqft,5896,sqft,98126,no
3,2.5,1570,sqft,1342,sqft,98103,no
1,1,699,sqft,,,98199,yes
3,3,2650,sqft,8612,sqft,98105,yes
2,1.5,1070,sqft,1726,sqft,98103,yes
3,0.5,1941,sqft,3726,sqft,98103,yes
3,2.5,2030,sqft,3999,sqft,98115,yes
2,1,1620,sqft,0.39,acre,98178,yes
2,2.5,1400,sqft,1112,sqft,98103,yes
3,2,2354,sqft,4400,sqft,98115,yes
2,3.5,1155,sqft,,,98118,yes
3,1,1340,sqft,7669,sqft,98177,yes
2,1,903,sqft,4.06,acre,98146,yes
3,1.5,1220,sqft,6350,sqft,98103,yes
2,1,1250,sqft,4500,sqft,98118,yes
2,2,1040,sqft,6800,sqft,98133,yes
2,1,1660,sqft,4800,sqft,98109,yes
1,1,744,sqft,,,98115,yes
2,1.5,805,sqft,5000,sqft,98107,yes
3,1,1060,sqft,4000,sqft,98117,yes
5,3.5,3160,sqft,6200,sqft,98112,yes
3,3,1120,sqft,4800,sqft,98168,yes
4,2.5,1881,sqft,1881,sqft,98133,yes
5,2.5,3460,sqft,7464,sqft,98144,yes
1,1,376,sqft,0.23,acre,98199,yes
2,2,880,sqft,0.23,acre,98126,yes
1,1,794,sqft,,,98121,yes
3,2,1340,sqft,2211,sqft,98103,yes
4,2.5,2560,sqft,6582,sqft,98116,yes
4,2,2178,sqft,6800,sqft,98133,yes
2,1,1180,sqft,,,98122,yes
4,3.5,3220,sqft,6250,sqft,98199,yes
3,3,2070,sqft,4227,sqft,98136,yes
3,2.5,2131,sqft,1036,sqft,98119,yes
2,3,970,sqft,593,sqft,98102,yes
6,3.5,2430,sqft,5580,sqft,98108,yes
3,2.5,1395,sqft,1418,sqft,98116,yes
3,2.5,1810,sqft,6925,sqft,98125,yes
2,1,904,sqft,,,98122,yes
1,1,717,sqft,0.27,acre,98109,yes
5,3,2170,sqft,7500,sqft,98178,yes
4,3,3120,sqft,9750,sqft,98144,yes
3,2,1870,sqft,4000,sqft,98136,yes
4,3.5,2285,sqft,1792,sqft,98116,yes
3,2.5,2783,sqft,7206,sqft,98199,yes
4,2,2540,sqft,4700,sqft,98107,yes
2,2,1734,sqft,,,98109,yes
2,1,1010,sqft,0.34,acre,98125,yes
3,2.5,1420,sqft,1873,sqft,98103,yes
3,1,1410,sqft,7080,sqft,98118,yes
3,2,2320,sqft,4000,sqft,98115,yes
1,1,553,sqft,,,98103,yes
3,2,1719,sqft,1056,sqft,98103,yes
4,2,2037,sqft,3326,sqft,98119,yes
1,1,954,sqft,,,98101,yes
2,1.5,1370,sqft,938,sqft,98115,yes
2,1,1480,sqft,6734,sqft,98117,yes
5,4.5,3636,sqft,6180,sqft,98115,yes
3,1.5,1780,sqft,4800,sqft,98126,yes
3,2,1094,sqft,2332,sqft,98108,yes
1,1,830,sqft,5100,sqft,98103,yes
2,2,834,sqft,,,98126,yes
2,1.5,1035,sqft,,,98112,yes
4,3,2790,sqft,0.35,acre,98133,yes
2,2,859,sqft,,,98126,yes
4,3.5,5690,sqft,7469,sqft,98112,yes
2,1,772,sqft,,,98103,yes
3,1,1430,sqft,0.37,acre,98168,yes
3,2.5,1460,sqft,1850,sqft,98106,yes
3,2.5,1386,sqft,1065,sqft,98107,yes
5,3,2310,sqft,4011,sqft,98106,yes
2,1.5,1340,sqft,4342,sqft,98115,yes
2,4,1291,sqft,1361,sqft,98116,yes
3,2.5,2320,sqft,4400,sqft,98116,yes
3,2.5,2150,sqft,0.32,acre,98116,yes
2,2,1885,sqft,,,98115,yes
3,2,1425,sqft,759,sqft,98117,yes
3,2.5,1810,sqft,1436,sqft,98107,yes
2,1,1280,sqft,2690,sqft,98118,yes
3,3,1480,sqft,9127,sqft,98117,yes
3,3,2110,sqft,7324,sqft,98177,yes
2,1,1027,sqft,,,98115,yes
1,1,808,sqft,,,98101,yes
3,2.5,1569,sqft,1553,sqft,98107,yes
3,3,2247,sqft,866,sqft,98109,yes
3,1,1220,sqft,5000,sqft,98107,yes
2,1,1060,sqft,3250,sqft,98103,yes
4,2,1920,sqft,0.41,acre,98118,yes
1,1,804,sqft,,,98116,yes
2,1,813,sqft,,,98116,yes
4,1.5,1740,sqft,9205,sqft,98146,yes
3,1.5,2230,sqft,3500,sqft,98117,yes
4,2.5,2760,sqft,6001,sqft,98178,yes
3,3,1660,sqft,625,sqft,98118,yes
3,2.5,1360,sqft,916,sqft,98112,yes
4,4.5,5200,sqft,7653,sqft,98118,yes
3,2.5,1573,sqft,1255,sqft,98107,yes
1,1,700,sqft,,,98101,yes
4,3,1700,sqft,7320,sqft,98146,yes
4,3.5,2560,sqft,4080,sqft,98144,yes
3,2,1330,sqft,1539,sqft,98122,yes
4,2,2180,sqft,5100,sqft,98115,yes
3,2,1350,sqft,1055,sqft,98103,yes
2,1.5,1720,sqft,1588,sqft,98144,yes
4,3.5,3060,sqft,0.96,acre,98136,yes
2,2,954,sqft,0.33,acre,98133,yes
2,2.5,1460,sqft,1536,sqft,98106,yes
4,3,1540,sqft,3060,sqft,98105,yes
1,1,709,sqft,,,98109,yes
3,1.5,2560,sqft,6150,sqft,98118,yes
1,1,534,sqft,,,98119,yes
2,2.5,1440,sqft,3000,sqft,98144,yes
1,1,627,sqft,,,98121,yes
3,2.5,1324,sqft,2217,sqft,98126,yes
2,2,1290,sqft,1192,sqft,98125,yes
1,1,748,sqft,0.26,acre,98122,yes
2,2.5,1830,sqft,,,98116,yes
3,2,1660,sqft,6120,sqft,98115,yes
3,1,1964,sqft,9050,sqft,98168,yes
3,2,1460,sqft,1554,sqft,98116,yes
1,1,683,sqft,0.29,acre,98119,yes
4,2,2060,sqft,5080,sqft,98115,yes
4,2,1160,sqft,4224,sqft,98103,yes
3,2,1540,sqft,1124,sqft,98144,yes
1,1,529,sqft,,,98118,yes
2,1,1860,sqft,2526,sqft,98105,yes
1,1,648,sqft,,,98115,yes
5,4,4490,sqft,5220,sqft,98122,yes
6,4,2310,sqft,5012,sqft,98108,yes
3,3.5,3130,sqft,0.28,acre,98105,yes
2,1,2110,sqft,8160,sqft,98146,yes
3,1.5,1590,sqft,3797,sqft,98108,yes
3,2.5,1280,sqft,1845,sqft,98105,yes
2,1,840,sqft,8150,sqft,98118,yes
3,2,2020,sqft,8120,sqft,98125,yes
4,3,3610,sqft,8037,sqft,98105,yes
4,3.5,2336,sqft,,,98115,yes
2,1,1040,sqft,6103,sqft,98133,yes
1,1,620,sqft,,,98119,yes
1,1,728,sqft,,,98119,yes
3,2.5,1970,sqft,2109,sqft,98103,yes
4,3,2190,sqft,5350,sqft,98115,yes
4,3,2120,sqft,7721,sqft,98126,yes
2,2,1415,sqft,6.4,acre,98125,yes
4,3.5,1835,sqft,1750,sqft,98103,yes
2,4.5,1670,sqft,905,sqft,98107,yes
3,3.5,2570,sqft,4094,sqft,98105,yes
3,2,2060,sqft,3090,sqft,98118,yes
3,2.5,1740,sqft,1389,sqft,98102,yes
5,3,2510,sqft,5130,sqft,98103,yes
2,2.5,1000,sqft,,,98144,yes
3,2,1516,sqft,5000,sqft,98116,yes
3,1,940,sqft,4850,sqft,98136,yes
4,2,2440,sqft,4002,sqft,98144,yes
5,4,2470,sqft,5000,sqft,98118,yes
2,2,1288,sqft,5365,sqft,98133,yes
4,3.5,3240,sqft,4680,sqft,98112,yes
2,2,693,sqft,,,98119,yes
3,2.5,1550,sqft,1391,sqft,98107,yes
4,2,2080,sqft,7740,sqft,98106,yes
4,3,1400,sqft,5000,sqft,98107,yes
2,2.5,1159,sqft,5250,sqft,98122,yes
2,1.5,901,sqft,4800,sqft,98107,yes
4,3,2900,sqft,7500,sqft,98136,yes
4,2.5,2052,sqft,0.38,acre,98178,yes
1,1,773,sqft,,,98121,yes
2,2,1040,sqft,,,98118,yes
2,2,2353,sqft,8750,sqft,98116,yes
2,2,1212,sqft,,,98136,yes
5,2,2640,sqft,2950,sqft,98122,yes
2,1,1090,sqft,4500,sqft,98118,yes
5,2.5,3960,sqft,7680,sqft,98199,yes
4,1.5,3030,sqft,5400,sqft,98112,yes
4,2.5,3080,sqft,9300,sqft,98168,yes
1,1,700,sqft,,,98119,yes
2,1.5,1276,sqft,0.54,acre,98103,yes
3,1,910,sqft,7242,sqft,98168,yes
5,3.5,4180,sqft,4080,sqft,98109,yes
1,1,852,sqft,,,98107,yes
5,1.5,2830,sqft,4000,sqft,98118,yes
2,1,970,sqft,5130,sqft,98116,yes
3,2,1576,sqft,1238,sqft,98122,yes
1,1,667,sqft,,,98115,yes
3,2,1080,sqft,5750,sqft,98116,yes
2,5.5,2659,sqft,0.52,acre,98102,yes
5,5,3623,sqft,8000,sqft,98115,yes
4,3.5,2520,sqft,3821,sqft,98199,yes
4,3.5,2720,sqft,3024,sqft,98102,yes
2,2,968,sqft,656,sqft,98103,yes
2,2,839,sqft,,,98133,yes
2,3.5,2080,sqft,1412,sqft,98103,yes
2,2,693,sqft,,,98119,yes
2,2.5,1365,sqft,4.05,acre,98118,yes
2,1,1580,sqft,0.52,acre,98178,yes
2,1,860,sqft,6678,sqft,98116,yes
2,2,1038,sqft,0.33,acre,98116,yes
4,3,2860,sqft,4182,sqft,98103,yes
1,1,557,sqft,,,98102,yes
2,2,1644,sqft,,,98101,yes
5,2,2340,sqft,5120,sqft,98106,yes
3,2.5,1810,sqft,1436,sqft,98107,yes
2,1,2530,sqft,5000,sqft,98122,yes
3,3.5,1820,sqft,1099,sqft,98122,yes
2,1,648,sqft,4997,sqft,98107,yes
2,2.5,1448,sqft,0.54,acre,98103,yes
2,1,1660,sqft,0.28,acre,98125,yes
5,3,2970,sqft,5250,sqft,98117,yes
5,4,3030,sqft,5200,sqft,98108,yes
3,2,1400,sqft,8910,sqft,98106,yes
2,1.5,900,sqft,1,acre,98133,yes
3,2,2740,sqft,5000,sqft,98144,yes
2,1,720,sqft,6693,sqft,98117,yes
4,2.5,1880,sqft,3300,sqft,98117,yes
3,2.5,1681,sqft,3.97,acre,98126,yes
4,2,3325,sqft,6000,sqft,98199,yes
5,3.5,4397,sqft,6800,sqft,98105,yes
3,1.5,1540,sqft,6300,sqft,98126,yes
3,1,1530,sqft,0.31,acre,98146,yes
2,2,1015,sqft,2.02,acre,98115,yes
4,3,2340,sqft,5023,sqft,98108,yes
1,1,836,sqft,,,98121,yes
1,1,492,sqft,,,98146,yes
3,3,1880,sqft,2200,sqft,98107,yes
2,2,1570,sqft,3060,sqft,98103,yes
4,2.5,1806,sqft,5000,sqft,98118,yes
2,2,1595,sqft,,,98119,yes
2,2,1526,sqft,,,98199,yes
3,2.5,1346,sqft,1270,sqft,98107,yes
3,2,1600,sqft,8640,sqft,98117,yes
2,2,1170,sqft,0.42,acre,98112,yes
3,2.5,1660,sqft,1681,sqft,98144,yes
1,1,707,sqft,4.66,acre,98133,yes
3,2,1390,sqft,6656,sqft,98116,yes
3,2,2900,sqft,3800,sqft,98199,yes
1,1,704,sqft,1,acre,98144,yes
3,4,2400,sqft,5563,sqft,98122,yes
3,1,1120,sqft,4000,sqft,98112,yes
4,2,1710,sqft,3250,sqft,98117,yes
3,2,1880,sqft,1751,sqft,98122,yes
3,3,1454,sqft,760,sqft,98122,yes
14,5,3884,sqft,4968,sqft,98106,yes
3,1.5,2300,sqft,4100,sqft,98107,yes
4,3,2520,sqft,3000,sqft,98105,yes
4,3,3335,sqft,6000,sqft,98115,yes
3,2.5,2118,sqft,2466,sqft,98118,yes
2,1,910,sqft,4800,sqft,98117,yes
4,1,2080,sqft,4845,sqft,98117,yes
2,1,2520,sqft,5000,sqft,98122,yes
3,2,1560,sqft,5056,sqft,98116,yes
2,1,1130,sqft,4388,sqft,98199,yes
1,1,543,sqft,1.21,acre,98121,yes
1,1,620,sqft,6090,sqft,98178,yes
3,3,1720,sqft,8370,sqft,98177,yes
2,2,1015,sqft,2.02,acre,98115,yes
1,1,530,sqft,2500,sqft,98118,yes
4,2,1350,sqft,5300,sqft,98106,yes
3,2.5,1510,sqft,2656,sqft,98133,yes
1,1.5,1021,sqft,,,98101,yes
3,1,1730,sqft,4200,sqft,98103,yes
2,2,3120,sqft,0.33,acre,98118,yes
4,2.5,2172,sqft,3431,sqft,98105,yes
3,3.5,1410,sqft,1478,sqft,98117,yes
1,1,578,sqft,,,98121,yes
2,2,1350,sqft,4590,sqft,98117,yes
2,2,900,sqft,2041,sqft,98102,yes
2,2.5,1865,sqft,,,98109,yes
2,2,1174,sqft,800,sqft,98109,yes
3,1.5,1250,sqft,0.27,acre,98178,yes
5,3,3590,sqft,6900,sqft,98117,yes
3,2,1548,sqft,1139,sqft,98117,yes
4,3,3030,sqft,6960,sqft,98115,yes
1,1,622,sqft,,,98103,yes
4,2,2245,sqft,7892,sqft,98178,yes
4,3.5,2627,sqft,5150,sqft,98118,yes
4,2.5,3680,sqft,7000,sqft,98118,yes
2,1,2170,sqft,6985,sqft,98199,yes
3,1,1600,sqft,3600,sqft,98119,yes
2,2.5,2803,sqft,,,98101,yes
3,1.5,2120,sqft,3880,sqft,98105,yes
3,2.5,1980,sqft,5000,sqft,98146,yes
3,2,1370,sqft,3060,sqft,98103,yes
1,1,723,sqft,,,98133,yes
4,1.5,1300,sqft,4080,sqft,98122,yes
3,2,1060,sqft,5290,sqft,98106,yes
1,1,531,sqft,,,98121,yes
2,1,770,sqft,5772,sqft,98106,yes
4,3,2470,sqft,0.29,acre,98115,yes
3,2.5,2260,sqft,4000,sqft,98103,yes
2,1.5,1120,sqft,966,sqft,98103,yes
3,3.5,1936,sqft,1770,sqft,98122,yes
2,2.5,1560,sqft,1263,sqft,98117,yes
2,2,1020,sqft,776,sqft,98118,yes
3,2,1100,sqft,2700,sqft,98122,yes
3,2,2120,sqft,6400,sqft,98103,yes
2,2.5,1400,sqft,824,sqft,98102,yes
2,2,1429,sqft,,,98126,yes
3,2.5,1320,sqft,1396,sqft,98117,yes
4,4.5,4790,sqft,5000,sqft,98144,yes
3,1,1070,sqft,6535,sqft,98168,yes
2,2.5,1966,sqft,1412,sqft,98103,yes
2,2,1146,sqft,1,acre,98116,yes
3,2.5,1047,sqft,680,sqft,98144,yes
2,1.5,1760,sqft,4000,sqft,98144,yes
2,2,1030,sqft,7200,sqft,98125,yes
3,2,1514,sqft,990,sqft,98107,yes
3,1.5,1520,sqft,7150,sqft,98146,yes
4,3.5,3360,sqft,6000,sqft,98136,yes
3,2,1910,sqft,7500,sqft,98136,yes
2,2.5,1550,sqft,1131,sqft,98122,yes
1,1,641,sqft,,,98122,yes
3,3,1190,sqft,850,sqft,98144,yes
4,2,2640,sqft,3840,sqft,98122,yes
2,1.5,938,sqft,,,98106,yes
3,3.5,2206,sqft,1500,sqft,98103,yes
1,1,680,sqft,,,98104,yes
2,1,749,sqft,,,98103,yes
2,2,1353,sqft,,,98115,yes
1,1,250,sqft,250,acre,98103,yes
8,4,3136,sqft,8636,sqft,98146,yes
2,2,1149,sqft,564,sqft,98115,yes
1,1,861,sqft,9600,sqft,98126,yes
4,2.5,2050,sqft,9555,sqft,98177,yes
2,2,1106,sqft,,,98109,yes
3,3.5,1930,sqft,6000,sqft,98125,yes
4,3,3090,sqft,0.34,acre,98168,yes
3,2,2437,sqft,6500,sqft,98118,yes
2,2.5,1330,sqft,856,sqft,98105,yes
3,2,1680,sqft,6000,sqft,98136,yes
2,2,834,sqft,,,98115,yes
2,2,1112,sqft,1484,sqft,98177,yes
1,1,626,sqft,2.63,acre,98115,yes
2,1,1230,sqft,5000,sqft,98144,yes
4,2.5,2840,sqft,4480,sqft,98105,yes
2,1.5,1115,sqft,745,sqft,98107,yes
4,2,2240,sqft,5043,sqft,98106,yes
3,3,1687,sqft,,,98115,yes
4,3,1900,sqft,2256,sqft,98103,yes
3,3,1970,sqft,8540,sqft,98177,yes
3,2.5,1512,sqft,1041,sqft,98144,yes
1,1,696,sqft,,,98122,yes
2,1.5,806,sqft,4001,sqft,98106,yes
2,2,1319,sqft,794,sqft,98107,yes
2,1,2300,sqft,8799,sqft,98168,yes
2,1.5,1127,sqft,5500,sqft,98102,yes
4,2,2280,sqft,8000,sqft,98168,yes
2,2,1120,sqft,1168,sqft,98126,yes
4,3,1960,sqft,5200,sqft,98136,yes
1,1,627,sqft,0.34,acre,98101,yes
2,2,1228,sqft,900,sqft,98109,yes
3,2,1800,sqft,3172,sqft,98117,yes
1,1,883,sqft,,,98119,yes
4,1,1190,sqft,7320,sqft,98106,yes
5,5.5,5770,sqft,8226,sqft,98122,yes
2,2.5,1710,sqft,962,sqft,98117,yes
2,2,968,sqft,656,sqft,98103,yes
2,1,790,sqft,5877,sqft,98178,yes
1,1,376,sqft,0.23,acre,98199,yes
6,5.5,4510,sqft,0.28,acre,98178,yes
3,2,1300,sqft,3914,sqft,98199,yes
3,3.5,2106,sqft,1785,sqft,98115,yes
3,2.5,1573,sqft,1243,sqft,98107,yes
4,2,2870,sqft,2.27,acre,98168,yes
4,3.5,4006,sqft,5000,sqft,98199,yes
2,1,1060,sqft,5666,sqft,98108,yes
1,1,562,sqft,,,98199,yes
3,2.5,1610,sqft,1426,sqft,98199,yes
2,3,1212,sqft,0.7,acre,98136,yes
4,2.5,2390,sqft,3570,sqft,98115,yes
2,1,1080,sqft,6000,sqft,98199,yes
2,1,1350,sqft,6500,sqft,98126,yes
4,3.5,2795,sqft,6400,sqft,98122,yes
2,2,1369,sqft,,,98116,yes
2,1,970,sqft,2714,sqft,98103,yes
3,3.5,1820,sqft,1101,sqft,98122,yes
3,2,1770,sqft,7242,sqft,98168,yes
6,4,3280,sqft,5650,sqft,98118,yes
3,1,1260,sqft,0.32,acre,98168,yes
4,2.5,1939,sqft,2499,sqft,98107,yes
1,1,610,sqft,,,98101,yes
4,3,2200,sqft,5586,sqft,98118,yes
3,3.5,3036,sqft,,,98121,yes
3,2.5,1861,sqft,,,98121,yes
3,2,1650,sqft,5075,sqft,98126,yes
1,1,722,sqft,,,98118,yes
3,2,1260,sqft,2640,sqft,98133,yes
2,2.5,2714,sqft,,,98102,yes
2,2,1020,sqft,776,sqft,98118,yes
3,3.5,1471,sqft,,,98144,yes
3,2.5,1500,sqft,1235,sqft,98119,yes
2,1,1080,sqft,6000,sqft,98118,yes
4,2.5,1544,sqft,1562,sqft,98117,yes
2,2,1004,sqft,,,98125,yes
4,2,1470,sqft,4000,sqft,98118,yes
4,2,1680,sqft,2600,sqft,98107,yes
4,2,2420,sqft,3680,sqft,98126,yes
4,3.5,2011,sqft,2421,sqft,98136,yes
2,2,896,sqft,,,98107,yes
2,2,1415,sqft,,,98125,yes
2,2.5,840,sqft,846,sqft,98144,yes
1,1,434,sqft,6600,sqft,98102,yes
4,2.5,2730,sqft,5724,sqft,98146,yes
3,1.5,1350,sqft,2497,sqft,98118,yes
3,3.5,1740,sqft,2061,sqft,98122,yes
3,2.5,1940,sqft,2880,sqft,98118,yes
4,1,1340,sqft,6000,sqft,98144,yes
2,2,1110,sqft,1650,sqft,98103,yes
3,2.5,1380,sqft,1550,sqft,98115,yes
3,2.5,1400,sqft,1001,sqft,98136,yes
3,2,2110,sqft,4000,sqft,98108,yes
1,1,557,sqft,0.88,acre,98102,yes
3,2,1830,sqft,5850,sqft,98126,yes
3,2,1480,sqft,5000,sqft,98116,yes
3,1.5,1550,sqft,8070,sqft,98133,yes
3,2,1670,sqft,8573,sqft,98146,yes
4,2.5,2890,sqft,3060,sqft,98115,yes
3,3.5,1590,sqft,1781,sqft,98136,yes
1,1,630,sqft,0.4,acre,98109,yes
4,2,1440,sqft,4560,sqft,98126,yes
3,2.5,2529,sqft,3000,sqft,98122,yes
3,3,1086,sqft,0.37,acre,98144,yes
3,2,1565,sqft,2500,sqft,98103,yes
2,2,916,sqft,,,98121,yes
3,7,2190,sqft,5504,sqft,98112,yes
2,2,1400,sqft,3060,sqft,98115,yes
3,3.5,1352,sqft,1680,sqft,98115,yes
4,4,2030,sqft,5400,sqft,98115,yes
3,2,1455,sqft,1,acre,98117,yes
5,4,3240,sqft,8820,sqft,98199,yes
3,2,924,sqft,0.26,acre,98126,yes
2,2,1470,sqft,,,98115,yes
3,2,1758,sqft,1350,sqft,98103,yes
3,2.5,1830,sqft,1175,sqft,98116,yes
2,1,1019,sqft,,,98107,yes
4,3,2970,sqft,4000,sqft,98102,yes
3,3.5,1500,sqft,1182,sqft,98103,yes
3,2,2020,sqft,6000,sqft,98119,yes
3,3.5,2188,sqft,4920,sqft,98112,yes
1,1,507,sqft,,,98101,yes
2,1.5,1131,sqft,1,acre,98144,yes
2,2,982,sqft,,,98122,yes
2,2,1889,sqft,9601,sqft,98112,yes
2,1,1440,sqft,,,98133,yes
2,2,789,sqft,,,98107,yes
2,2,1131,sqft,6018,sqft,98116,yes
4,3,3300,sqft,7700,sqft,98199,yes
4,2,2510,sqft,5460,sqft,98115,yes
2,2.5,1580,sqft,0.31,acre,98178,yes
1,2,966,sqft,,,98121,yes
1,1,703,sqft,0.51,acre,98126,yes
2,2,1220,sqft,755,sqft,98118,yes
9,5,3590,sqft,4680,sqft,98117,yes
6,5.5,4299,sqft,6867,sqft,98115,yes
1,1,900,sqft,,,98105,yes
3,2.5,1260,sqft,1252,sqft,98117,yes
2,2.5,1048,sqft,1048,sqft,98115,yes
4,1,1470,sqft,8520,sqft,98125,yes
1,1,1113,sqft,9830,sqft,98102,yes
2,2,1570,sqft,3250,sqft,98103,yes
3,2.5,2740,sqft,4800,sqft,98117,yes
2,2.5,1470,sqft,780,sqft,98103,yes
4,2,1710,sqft,9660,sqft,98118,yes
3,2.5,1580,sqft,1372,sqft,98103,yes
2,1,800,sqft,6946,sqft,98125,yes
3,1,980,sqft,3000,sqft,98103,yes
5,3.5,3700,sqft,7581,sqft,98122,yes
4,2,2352,sqft,5000,sqft,98199,yes
3,3,2320,sqft,9465,sqft,98125,yes
2,2,1503,sqft,6250,sqft,98108,yes
4,5.5,2410,sqft,9000,sqft,98146,yes
2,1.5,950,sqft,1,acre,98103,yes
3,1.5,1640,sqft,5196,sqft,98103,yes
3,1.5,2440,sqft,4000,sqft,98112,yes
1,1,594,sqft,0.39,acre,98105,yes
4,2,1480,sqft,6075,sqft,98118,yes
3,2.5,1220,sqft,1136,sqft,98118,yes
3,2,2740,sqft,8340,sqft,98177,yes
3,3,2160,sqft,6710,sqft,98118,yes
2,2,1400,sqft,802,sqft,98199,yes
3,2.5,2650,sqft,7548,sqft,98136,yes
2,2,2735,sqft,0.3,acre,98121,yes
1,1,750,sqft,,,98116,yes
2,1,1201,sqft,5000,sqft,98126,yes
6,6,3488,sqft,2388,sqft,98103,yes
4,2,1742,sqft,1.25,acre,98105,yes
4,2,2390,sqft,5535,sqft,98105,yes
3,1,4018,sqft,5000,sqft,98122,yes
3,3.5,1530,sqft,3000,sqft,98117,yes
1,1,600,sqft,,,98112,yes
5,3.5,3340,sqft,3600,sqft,98112,yes
2,1,2060,sqft,6000,sqft,98106,yes
3,2.5,1650,sqft,2752,sqft,98106,yes
1,1,640,sqft,0.4,acre,98144,yes
2,2,1106,sqft,0.29,acre,98109,yes
2,2,1200,sqft,8000,sqft,98199,yes
3,2.5,1390,sqft,1570,sqft,98126,yes
3,2,1759,sqft,1188,sqft,98116,yes
2,1.5,1690,sqft,5027,sqft,98118,yes
4,3.5,2191,sqft,4120,sqft,98103,yes
3,2.5,1380,sqft,1022,sqft,98144,yes
2,2,877,sqft,2.63,acre,98115,yes
5,4,2754,sqft,3969,sqft,98126,yes
3,2,2770,sqft,7770,sqft,98115,yes
1,1,515,sqft,,,98116,yes
3,2,2029,sqft,9.2,acre,98115,yes
4,3,2560,sqft,9956,sqft,98115,yes
5,3.5,2966,sqft,1,acre,98126,yes
3,2.5,1763,sqft,2498,sqft,98117,yes
3,2.5,1550,sqft,7089,sqft,98116,yes
2,1,830,sqft,6600,sqft,98177,yes
2,2,1019,sqft,,,98119,yes
1,1,696,sqft,,,98105,yes
5,3.5,5090,sqft,0.27,acre,98102,yes
3,4.5,1460,sqft,1231,sqft,98108,yes
2,2,1036,sqft,656,sqft,98103,yes
1,1,854,sqft,,,98103,yes
3,3,1687,sqft,1,acre,98115,yes
3,1.5,1430,sqft,8992,sqft,98168,yes
2,2,1960,sqft,7405,sqft,98168,yes
4,3.5,2720,sqft,7598,sqft,98115,yes
1,1,706,sqft,0.46,acre,98116,yes
3,2,2600,sqft,4200,sqft,98144,yes
3,2,1900,sqft,6093,sqft,98115,yes
2,1.5,1580,sqft,6120,sqft,98115,yes
1,1,1270,sqft,5640,sqft,98108,yes
4,2.5,2320,sqft,9500,sqft,98108,yes
3,1,910,sqft,0.35,acre,98106,yes
2,2,878,sqft,,,98121,yes
2,1,1915,sqft,5077,sqft,98133,yes
3,2,2462,sqft,3200,sqft,98119,yes
4,3.5,2640,sqft,3062,sqft,98103,yes
3,2.5,1670,sqft,1304,sqft,98144,yes
3,1,1090,sqft,7258,sqft,98133,yes
3,3.5,1621,sqft,987,sqft,98109,yes
4,2,2591,sqft,6900,sqft,98125,yes
2,2,1400,sqft,,,98119,yes
2,2.5,840,sqft,897,sqft,98118,yes
4,3.5,2910,sqft,3491,sqft,98115,yes
2,1,1410,sqft,5000,sqft,98118,yes
2,1,770,sqft,4672,sqft,98106,yes
3,2,1900,sqft,6957,sqft,98199,yes
3,2,2760,sqft,5195,sqft,98119,yes
3,2,1290,sqft,2700,sqft,98144,yes
3,2,1111,sqft,,,98112,yes
2,2,850,sqft,6120,sqft,98115,yes
2,1.5,900,sqft,900,sqft,98105,yes
6,5,2667,sqft,4000,sqft,98122,yes
2,1.5,1320,sqft,6080,sqft,98116,yes
2,2,1370,sqft,,,98117,yes
2,1,1140,sqft,4920,sqft,98106,yes
3,1,1380,sqft,4080,sqft,98117,yes
3,2,1422,sqft,1405,sqft,98117,yes
2,2,1065,sqft,,,98126,yes
2,3,2943,sqft,3.06,acre,98105,yes
3,2,1250,sqft,6000,sqft,98106,yes
3,2,2390,sqft,0.25,acre,98133,yes
1,1,569,sqft,,,98102,yes
3,2,1680,sqft,5000,sqft,98199,yes
1,1,683,sqft,,,98101,yes
1,1,627,sqft,,,98121,yes
2,2,840,sqft,1452,sqft,98116,yes
3,1.5,1880,sqft,6215,sqft,98125,yes
2,2,881,sqft,6000,sqft,98103,yes
2,1,850,sqft,4000,sqft,98144,yes
1,1,525,sqft,,,98103,yes
3,1.5,2170,sqft,3000,sqft,98109,yes
2,1,1110,sqft,5413,sqft,98125,yes
4,3.5,3930,sqft,4000,sqft,98102,yes
2,1,1047,sqft,,,98102,yes
1,1,653,sqft,,,98122,yes
3,1.5,1710,sqft,1250,sqft,98122,yes
5,3,2120,sqft,1959,sqft,98126,yes
3,4,2360,sqft,5080,sqft,98115,yes
4,4,2250,sqft,6600,sqft,98106,yes
4,2,2320,sqft,6960,sqft,98115,yes
4,3.5,3490,sqft,0.27,acre,98115,yes
4,2.5,2500,sqft,4046,sqft,98117,yes
2,1,792,sqft,,,98102,yes
2,2.5,1490,sqft,7547,sqft,98115,yes
3,2.5,1700,sqft,2125,sqft,98102,yes
2,2,1261,sqft,978,sqft,98125,yes
4,2,2440,sqft,2168,sqft,98122,yes
3,2.5,1420,sqft,2929,sqft,98108,yes
3,2,1380,sqft,815,sqft,98122,yes
3,2,1111,sqft,719,sqft,98112,yes
3,1.5,1920,sqft,6300,sqft,98133,yes
3,1.5,1220,sqft,2242,sqft,98144,yes
3,3,4010,sqft,8207,sqft,98112,yes
2,2,1170,sqft,588,sqft,98144,yes
3,2.5,1600,sqft,695,sqft,98144,yes
1,1,760,sqft,,,98119,yes
2,1.5,1290,sqft,1748,sqft,98144,yes
2,1,980,sqft,3200,sqft,98112,yes
2,1.5,1022,sqft,,,98144,yes
2,1.5,1260,sqft,3858,sqft,98118,yes
5,2,2660,sqft,6400,sqft,98136,yes
1,1,644,sqft,,,98122,yes
1,1,664,sqft,,,98102,yes
1,1,468,sqft,,,98109,yes
4,3,2680,sqft,6402,sqft,98115,yes
4,2,1640,sqft,4400,sqft,98136,yes
3,2,2000,sqft,5632,sqft,98115,yes
2,2,1523,sqft,864,sqft,98125,yes
4,3,2430,sqft,9500,sqft,98146,yes
2,2,1199,sqft,1.06,acre,98117,yes
4,3,2160,sqft,6298,sqft,98125,yes
4,2.5,1354,sqft,,,98118,yes
1,1,738,sqft,,,98101,yes
2,2,1425,sqft,0.42,acre,98104,yes
6,7,4570,sqft,0.29,acre,98105,yes
2,1.5,940,sqft,1740,sqft,98144,yes
3,3.5,1710,sqft,1728,sqft,98126,yes
3,2.5,1430,sqft,1102,sqft,98103,yes
3,3.5,1500,sqft,1274,sqft,98118,yes
3,1.5,1376,sqft,1169,sqft,98107,yes
4,3.5,4002,sqft,5000,sqft,98116,yes
4,1,1600,sqft,0.27,acre,98115,yes
1,1,807,sqft,,,98122,yes
5,3,2055,sqft,4000,sqft,98122,yes
1,1,647,sqft,7197,sqft,98102,yes
2,2,940,sqft,585,sqft,98115,yes
2,1.5,1150,sqft,1262,sqft,98125,yes
2,2.5,1459,sqft,887,sqft,98103,yes
4,2.5,1910,sqft,3000,sqft,98103,yes
4,3,2297,sqft,7200,sqft,98178,yes
4,2.5,2320,sqft,5001,sqft,98118,yes
5,3.5,2387,sqft,5445,sqft,98133,yes
5,3.5,3270,sqft,4080,sqft,98115,yes
3,2.5,1530,sqft,1482,sqft,98126,yes
2,1,1150,sqft,6340,sqft,98136,yes
3,2,1237,sqft,4760,sqft,98106,yes
3,2.5,1760,sqft,1143,sqft,98136,yes
1,1,808,sqft,,,98164,yes
2,2,2720,sqft,4958,sqft,98144,yes
4,2,1345,sqft,2808,sqft,98103,yes
4,3,2600,sqft,6840,sqft,98115,yes
3,2,2209,sqft,2734,sqft,98115,yes
2,2.5,950,sqft,1748,sqft,98107,yes
4,2.5,1530,sqft,3060,sqft,98146,yes
2,1,830,sqft,6180,sqft,98103,yes
3,2,1590,sqft,910,sqft,98117,yes
3,3,1524,sqft,513,sqft,98122,yes
4,3,1920,sqft,7455,sqft,98125,yes
4,2,2660,sqft,5243,sqft,98115,yes
3,2,2284,sqft,6395,sqft,98136,yes
3,2.5,1604,sqft,1040,sqft,98144,yes
4,4,2555,sqft,4000,sqft,98105,yes
3,1.5,2460,sqft,0.35,acre,98115,yes
3,2.5,2793,sqft,1734,sqft,98109,yes
2,1.5,1540,sqft,4800,sqft,98106,yes
3,1,950,sqft,7320,sqft,98106,yes
3,1.5,1720,sqft,0.33,acre,98168,yes
2,2,1470,sqft,7443,sqft,98125,yes
5,2.5,3500,sqft,0.33,acre,98146,yes
2,1.5,984,sqft,,,98116,yes
3,2.5,1570,sqft,1362,sqft,98103,yes
1,1,700,sqft,,,98122,yes
2,2,1188,sqft,0.43,acre,98119,yes
3,2.5,2570,sqft,0.28,acre,98118,yes
3,2.5,1631,sqft,1485,sqft,98103,yes
3,2,1596,sqft,0.64,acre,98105,yes
2,2.5,820,sqft,1293,sqft,98126,yes
3,2.5,1610,sqft,1500,sqft,98119,yes
1,1,812,sqft,,,98107,yes
3,2,1425,sqft,729,sqft,98117,yes
2,2.5,1086,sqft,2068,sqft,98115,yes
2,2.5,1043,sqft,990,sqft,98117,yes
3,2,1440,sqft,4239,sqft,98119,yes
1,1,590,sqft,1549,sqft,98106,yes
2,2,1152,sqft,,,98121,yes
4,2,2040,sqft,4178,sqft,98112,yes
3,2,2092,sqft,,,98102,yes
3,1,1780,sqft,5000,sqft,98144,yes
3,2.5,3560,sqft,5000,sqft,98116,yes
2,2.5,1475,sqft,3753,sqft,98103,yes
4,2.5,1890,sqft,3000,sqft,98178,yes
4,2,2790,sqft,6250,sqft,98126,yes
4,3.5,2600,sqft,3900,sqft,98122,yes
3,2,1060,sqft,8910,sqft,98106,yes
3,1,2180,sqft,0.25,acre,98125,yes
2,2,1761,sqft,,,98115,yes
3,2,1379,sqft,3353,sqft,98125,yes
3,1.5,2550,sqft,4080,sqft,98105,yes
4,3.5,3815,sqft,3960,sqft,98116,yes
4,2,2634,sqft,7475,sqft,98115,yes
1,1,540,sqft,0.35,acre,98104,yes
3,3.5,3064,sqft,,,98121,yes
2,1,860,sqft,4800,sqft,98108,yes
3,2.5,1690,sqft,7200,sqft,98125,yes
3,3.5,1800,sqft,1545,sqft,98103,yes
2,2,1071,sqft,,,98119,yes
2,1,807,sqft,,,98103,yes
3,2.5,1350,sqft,662,sqft,98119,yes
4,2,2900,sqft,4700,sqft,98144,yes
3,3,1880,sqft,2200,sqft,98107,yes
1,1,677,sqft,0.68,acre,98115,yes
1,1,703,sqft,,,98103,yes
1,1,527,sqft,,,98122,yes
1,1,820,sqft,5100,sqft,98118,yes
3,2.5,1360,sqft,1248,sqft,98103,yes
4,3.5,2600,sqft,4000,sqft,98117,yes
4,3.5,2852,sqft,3178,sqft,98102,yes
3,3.5,1370,sqft,1125,sqft,98133,yes
3,1.5,2000,sqft,4800,sqft,98112,yes
3,2,1096,sqft,,,98117,yes
3,3.5,3380,sqft,7531,sqft,98177,yes
3,2.5,1616,sqft,,,98116,yes
3,3,1620,sqft,5760,sqft,98136,yes
2,2,970,sqft,,,98102,yes
1,2,1009,sqft,,,98116,yes
3,2,2270,sqft,7920,sqft,98122,yes
3,1,1200,sqft,9180,sqft,98168,yes
2,2,1225,sqft,960,sqft,98115,yes
2,2,1081,sqft,,,98144,yes
3,2,1380,sqft,8580,sqft,98125,yes
2,1,1200,sqft,6200,sqft,98103,yes
2,2,1620,sqft,3090,sqft,98103,yes
3,2,2950,sqft,5350,sqft,98199,yes
1,1,513,sqft,,,98121,yes
4,2,2100,sqft,3600,sqft,98116,yes
3,2,1705,sqft,7680,sqft,98177,yes
4,4.5,3610,sqft,4500,sqft,98112,yes
3,3.5,1800,sqft,1563,sqft,98103,yes
3,1,2130,sqft,3710,sqft,98117,yes
2,2,1367,sqft,1.98,acre,98121,yes
3,2.5,1730,sqft,2757,sqft,98125,yes
4,3.5,4194,sqft,5400,sqft,98112,yes
9,9,3780,sqft,5020,sqft,98119,yes
2,2,1778,sqft,,,98112,yes
3,3,1410,sqft,826,sqft,98107,yes
2,2,1088,sqft,,,98133,yes
4,1,1340,sqft,3825,sqft,98117,yes
5,1,2380,sqft,4240,sqft,98136,yes
3,4.5,2140,sqft,3314,sqft,98109,yes
3,2,2080,sqft,5650,sqft,98178,yes
2,1,1410,sqft,6180,sqft,98118,yes
1,1,571,sqft,0.58,acre,98121,yes
4,2.5,2340,sqft,9670,sqft,98106,yes
5,4.5,5210,sqft,6772,sqft,98122,yes
1,1,733,sqft,,,98121,yes
2,1.5,1060,sqft,5137,sqft,98118,yes
2,2.5,996,sqft,2450,sqft,98122,yes
4,2,1850,sqft,3570,sqft,98105,yes
1,1,690,sqft,4000,sqft,98117,yes
4,2,2260,sqft,3750,sqft,98107,yes
4,3.5,3190,sqft,4305,sqft,98107,yes
3,2.5,1846,sqft,0.24,acre,98199,yes
3,2,1700,sqft,3220,sqft,98118,yes
4,2,2240,sqft,6240,sqft,98126,yes
4,2,1660,sqft,2280,sqft,98103,yes
2,3,1780,sqft,2240,sqft,98133,yes
4,3.5,2270,sqft,2500,sqft,98146,yes
1,1,603,sqft,,,98121,yes
3,3.5,2024,sqft,1694,sqft,98107,yes
2,2.5,1103,sqft,5500,sqft,98107,yes
3,1,1460,sqft,5856,sqft,98115,yes
6,7,4260,sqft,3600,sqft,98119,yes
3,2.5,1660,sqft,2700,sqft,98122,yes
3,1.5,1350,sqft,1193,sqft,98107,yes
4,3,2949,sqft,5580,sqft,98103,yes
3,2.5,1718,sqft,1268,sqft,98117,yes
2,1,1370,sqft,6084,sqft,98119,yes
4,2.5,1822,sqft,1500,sqft,98199,yes
2,1,800,sqft,560,sqft,98103,yes
1,1,718,sqft,,,98119,yes
2,2,909,sqft,,,98103,yes
2,1,903,sqft,4.06,acre,98146,yes
2,2,1297,sqft,,,98109,yes
3,2,2140,sqft,9290,sqft,98133,yes
4,5,2970,sqft,7961,sqft,98125,yes
2,2,900,sqft,8000,sqft,98122,yes
2,2,2600,sqft,3600,sqft,98122,yes
2,1,1180,sqft,4386,sqft,98106,yes
1,1,564,sqft,100,acre,98103,yes
4,2,1700,sqft,8001,sqft,98125,yes
3,3,1524,sqft,513,sqft,98122,yes
3,3,1410,sqft,1316,sqft,98103,yes
1,1,831,sqft,0.7,acre,98136,yes
5,3,3060,sqft,7006,sqft,98118,yes
2,2,1213,sqft,,,98117,yes
4,2,2352,sqft,4000,sqft,98107,yes
1,1,534,sqft,,,98178,yes
2,1,724,sqft,,,98102,yes
4,3.5,2304,sqft,4503,sqft,98103,yes
3,1,1450,sqft,7200,sqft,98115,yes
2,1,980,sqft,0.32,acre,98168,yes
2,1.5,1550,sqft,7154,sqft,98112,yes
1,1,704,sqft,500,sqft,98144,yes
1,1.5,1425,sqft,2.23,acre,98102,yes
1,1,794,sqft,,,98101,yes
5,3.5,4060,sqft,3400,sqft,98116,yes
2,2,979,sqft,0.32,acre,98199,yes
4,2,1830,sqft,6000,sqft,98136,yes
2,1,1260,sqft,7440,sqft,98133,yes
2,1,1027,sqft,1.83,acre,98115,yes
5,2,3210,sqft,7578,sqft,98115,yes
2,1,968,sqft,,,98115,yes
3,2,1049,sqft,,,98112,yes
2,1.5,1054,sqft,,,98109,yes
2,2,1586,sqft,,,98101,yes
4,2,1760,sqft,4700,sqft,98115,yes
2,1,860,sqft,4000,sqft,98178,yes
4,2.5,1560,sqft,2400,sqft,98144,yes
4,3,3110,sqft,5715,sqft,98119,yes
3,2,1440,sqft,6120,sqft,98115,yes
3,2,1500,sqft,5750,sqft,98136,yes
3,1.5,2160,sqft,5080,sqft,98117,yes
4,5.5,3100,sqft,9450,sqft,98125,yes
1,1,522,sqft,5000,sqft,98107,yes
3,2,1560,sqft,1170,sqft,98117,yes
3,3,3400,sqft,8000,sqft,98136,yes
2,2,1761,sqft,9.2,acre,98115,yes
2,1.5,1076,sqft,1060,sqft,98125,yes
2,2,1217,sqft,1331,sqft,98199,yes
3,3.5,1450,sqft,1467,sqft,98126,yes
2,1,1000,sqft,4400,sqft,98112,yes
2,2.5,1124,sqft,1354,sqft,98115,yes
4,3.5,3070,sqft,5016,sqft,98144,yes
1,1,480,sqft,560,sqft,98109,yes
3,2,1860,sqft,3400,sqft,98105,yes
2,1,740,sqft,6300,sqft,98126,yes
3,2,1440,sqft,9065,sqft,98133,yes
1,1,758,sqft,,,98103,yes
3,1,1340,sqft,6223,sqft,98117,yes
3,3,1700,sqft,6882,sqft,98136,yes
4,3.5,2950,sqft,5000,sqft,98105,yes
1,1,616,sqft,,,98102,yes
3,2.5,4240,sqft,9487,sqft,98116,yes
4,3.5,3495,sqft,4080,sqft,98144,yes
3,3,2560,sqft,2500,sqft,98112,yes
3,3,2040,sqft,4000,sqft,98117,yes
3,1,890,sqft,5200,sqft,98126,yes
3,1.5,1730,sqft,5000,sqft,98115,yes
1,1,816,sqft,,,98109,yes
4,2,2400,sqft,8160,sqft,98177,yes
3,2.5,1270,sqft,924,sqft,98144,yes
4,3,1830,sqft,4000,sqft,98107,yes
3,2.5,2470,sqft,4452,sqft,98126,yes
4,4,2300,sqft,5700,sqft,98115,yes
4,2.5,1600,sqft,2336,sqft,98105,yes
1,1,510,sqft,,,98104,yes
2,2,1387,sqft,,,98116,yes
3,2.5,2230,sqft,7944,sqft,98178,yes
1,1,956,sqft,5480,sqft,98104,yes
3,3,1872,sqft,2475,sqft,98107,yes
4,5,2030,sqft,5124,sqft,98106,yes
4,2,1980,sqft,2242,sqft,98136,yes
3,3,1180,sqft,1003,sqft,98116,yes
4,2.5,2630,sqft,4500,sqft,98122,yes
4,2,2010,sqft,4275,sqft,98115,yes
4,3.5,3487,sqft,9500,sqft,98136,yes
4,2,2570,sqft,3440,sqft,98112,yes
2,2,1440,sqft,8100,sqft,98168,yes
2,2,1131,sqft,0.43,acre,98103,yes
2,1,1440,sqft,7531,sqft,98133,yes
3,3.5,2010,sqft,2208,sqft,98117,yes
2,3,1073,sqft,2.71,acre,98133,yes
4,3.5,3300,sqft,6840,sqft,98125,yes
4,2,3040,sqft,5272,sqft,98199,yes
4,2.5,2500,sqft,8760,sqft,98146,yes
4,1,1810,sqft,5073,sqft,98126,yes
2,2,1878,sqft,,,98119,yes
3,2,1411,sqft,0.35,acre,98104,yes
3,1,3960,sqft,0.25,acre,98118,yes
3,1,1000,sqft,9856,sqft,98136,yes
5,2,2300,sqft,3315,sqft,98105,yes
2,2.5,890,sqft,,,98146,yes
5,3,2820,sqft,7707,sqft,98117,yes
3,1,1620,sqft,3000,sqft,98118,yes
3,2,1470,sqft,1232,sqft,98136,yes
2,2.5,1088,sqft,0.77,acre,98133,yes
5,2,2160,sqft,7620,sqft,98106,yes
3,3.5,3105,sqft,2557,sqft,98112,yes
2,2,1200,sqft,1247,sqft,98122,yes
2,2,1240,sqft,583,sqft,98117,yes
3,2.5,1550,sqft,1131,sqft,98122,yes
7,4,2300,sqft,2920,sqft,98122,yes
4,3,2466,sqft,6030,sqft,98115,yes
2,2,1817,sqft,1156,sqft,98102,yes
4,3,1500,sqft,3360,sqft,98122,yes
4,2,2380,sqft,4500,sqft,98144,yes
2,2,1524,sqft,6250,sqft,98108,yes
3,2.5,1370,sqft,982,sqft,98117,yes
3,2,1449,sqft,939,sqft,98107,yes
2,2,1140,sqft,1045,sqft,98103,yes
3,2.5,1010,sqft,570,sqft,98118,yes
9,5,3014,sqft,7908,sqft,98178,yes
3,3.5,1450,sqft,1081,sqft,98118,yes
2,2,1248,sqft,912,sqft,98122,yes
4,2,2600,sqft,4224,sqft,98117,yes
3,2,1328,sqft,839,sqft,98103,yes
1,1,614,sqft,0.37,acre,98109,yes
4,3,2481,sqft,8297,sqft,98115,yes
4,1,1420,sqft,5240,sqft,98178,yes
4,3,2040,sqft,5000,sqft,98117,yes
3,3,1390,sqft,5000,sqft,98126,yes
2,3,920,sqft,675,sqft,98107,yes
4,3.5,1835,sqft,1884,sqft,98103,yes
4,2,1840,sqft,3760,sqft,98103,yes
3,2.5,3020,sqft,7500,sqft,98177,yes
3,2,2520,sqft,4000,sqft,98115,yes
4,5,2240,sqft,5624,sqft,98108,yes
3,3.5,1644,sqft,,,98112,yes
3,2.5,1880,sqft,1282,sqft,98106,yes
2,2,995,sqft,5000,sqft,98144,yes
1,1,568,sqft,,,98104,yes
2,3,1226,sqft,,,98144,yes
2,1,730,sqft,6200,sqft,98105,yes
4,2,1500,sqft,4471,sqft,98133,yes
3,2,2080,sqft,6769,sqft,98108,yes
3,3,1425,sqft,1199,sqft,98177,yes
4,2.5,3840,sqft,1.2,acre,98177,yes
4,3,2074,sqft,1999,sqft,98126,yes
5,3,3556,sqft,6120,sqft,98115,yes
1,1,1100,sqft,747,sqft,98107,yes
2,1,730,sqft,5150,sqft,98106,yes
4,2,1170,sqft,9216,sqft,98178,yes
4,3,2240,sqft,8691,sqft,98118,yes
4,2,1750,sqft,6380,sqft,98115,yes
2,2,1695,sqft,,,98126,yes
5,3,2480,sqft,5100,sqft,98117,yes
4,2.5,1420,sqft,1800,sqft,98103,yes
2,1,990,sqft,3844,sqft,98133,yes
2,1,1520,sqft,4250,sqft,98117,yes
5,2,2100,sqft,6000,sqft,98108,yes
3,3,1740,sqft,5000,sqft,98136,yes
2,2,1760,sqft,6150,sqft,98108,yes
2,2,1021,sqft,,,98101,yes
4,3.5,3018,sqft,3600,sqft,98103,yes
2,1.5,1024,sqft,,,98115,yes
1,1,945,sqft,,,98109,yes
2,1,2380,sqft,6061,sqft,98108,yes
5,5,3810,sqft,0.32,acre,98177,yes
2,2.5,1048,sqft,834,sqft,98112,yes
3,1.5,1610,sqft,4000,sqft,98122,yes
1,1,701,sqft,,,98115,yes
4,2.5,2213,sqft,3367,sqft,98107,yes
2,2,1071,sqft,,,98119,yes
2,1,850,sqft,3056,sqft,98107,yes
3,3,1280,sqft,2600,sqft,98103,yes
3,1,980,sqft,4200,sqft,98119,yes
4,3.5,3840,sqft,0.32,acre,98118,yes
2,2,1006,sqft,3.32,acre,98112,yes
4,2,1450,sqft,1000,sqft,98109,yes
4,2,2140,sqft,4947,sqft,98136,yes
4,3,2480,sqft,4000,sqft,98103,yes
5,2,2420,sqft,4080,sqft,98117,yes
3,4.5,1760,sqft,1008,sqft,98109,yes
2,2,1170,sqft,588,sqft,98144,yes
3,2,1730,sqft,8421,sqft,98125,yes
1,1,376,sqft,0.23,acre,98199,yes
1,1,636,sqft,,,98102,yes
3,2,1940,sqft,4850,sqft,98107,yes
4,2.5,3400,sqft,6000,sqft,98112,yes
3,2,1360,sqft,7680,sqft,98125,yes
2,2,875,sqft,901,sqft,98116,yes
6,2,2230,sqft,5300,sqft,98118,yes
5,2,4190,sqft,8500,sqft,98119,yes
3,2.5,2220,sqft,3060,sqft,98117,yes
2,1,830,sqft,1980,sqft,98117,yes
3,2.5,2090,sqft,5000,sqft,98108,yes
3,1,1210,sqft,6000,sqft,98119,yes
2,1,691,sqft,1,acre,98102,yes
3,2.5,1820,sqft,1,acre,98118,yes
4,2.5,3105,sqft,7875,sqft,98115,yes
4,2,1680,sqft,7840,sqft,98178,yes
3,2,2495,sqft,4000,sqft,98105,yes
5,3,2450,sqft,4980,sqft,98144,yes
4,2,2787,sqft,6011,sqft,98122,yes
5,3.5,3310,sqft,2943,sqft,98102,yes
2,2,1699,sqft,,,98109,yes
5,4,3180,sqft,3400,sqft,98105,yes
5,2.5,3350,sqft,8317,sqft,98126,yes
2,2,1365,sqft,770,sqft,98122,yes
3,3,1660,sqft,7650,sqft,98117,yes
3,1.5,1880,sqft,6194,sqft,98118,yes
1,1,580,sqft,4657,sqft,98102,yes
3,2,1270,sqft,0.26,acre,98146,yes
3,1,860,sqft,5400,sqft,98125,yes
1,1,580,sqft,,,98122,yes
3,3.5,1840,sqft,1312,sqft,98117,yes
1,1,615,sqft,,,98199,yes
5,3,2140,sqft,7244,sqft,98125,yes
2,2,1437,sqft,1085,sqft,98122,yes
2,1.5,1390,sqft,746,sqft,98107,yes
2,1.5,870,sqft,938,sqft,98115,yes
5,4.5,2840,sqft,3200,sqft,98112,yes
3,2,2260,sqft,3880,sqft,98107,yes
2,2,886,sqft,1037,sqft,98116,yes
1,1,505,sqft,,,98102,yes
2,1,1048,sqft,0.66,acre,98121,yes
4,2,1800,sqft,7455,sqft,98117,yes
2,2,1390,sqft,8509,sqft,98116,yes
3,2.5,2600,sqft,8023,sqft,98136,yes
4,2,2640,sqft,8385,sqft,98168,yes
2,1.5,1020,sqft,1249,sqft,98102,yes
3,3,2630,sqft,3755,sqft,98115,yes
4,3.5,2910,sqft,4000,sqft,98144,yes
3,2,1580,sqft,5040,sqft,98116,yes
2,1,885,sqft,3.54,acre,98105,yes
3,2,2100,sqft,5750,sqft,98116,yes
4,2,2010,sqft,9612,sqft,98105,yes
4,2,1480,sqft,6820,sqft,98126,yes
3,2,1560,sqft,2400,sqft,98117,yes
1,1,889,sqft,,,98121,yes
1,1,664,sqft,,,98102,yes
2,2,804,sqft,5000,sqft,98107,yes
4,2,2080,sqft,3850,sqft,98105,yes
2,1,910,sqft,2000,sqft,98117,yes
3,2.5,1620,sqft,7500,sqft,98106,yes
3,3.5,1970,sqft,1125,sqft,98105,yes
3,2,1720,sqft,6720,sqft,98116,yes
4,2,1545,sqft,4963,sqft,98103,yes
3,2.5,1710,sqft,4814,sqft,98115,yes
1,2,1141,sqft,0.41,acre,98122,yes
2,3,1276,sqft,1187,sqft,98106,yes
2,1.5,1978,sqft,5000,sqft,98118,yes
2,1,1060,sqft,8908,sqft,98125,yes
5,3.5,3220,sqft,4640,sqft,98103,yes
4,2,1170,sqft,9594,sqft,98168,yes
3,2,1770,sqft,5100,sqft,98118,yes
2,2,1420,sqft,1232,sqft,98107,yes
4,2.5,2980,sqft,3618,sqft,98125,yes
4,1.5,1630,sqft,7182,sqft,98133,yes
1,1,743,sqft,,,98102,yes
2,1,680,sqft,8795,sqft,98125,yes
2,1,900,sqft,6030,sqft,98168,yes
1,1,635,sqft,,,98121,yes
5,3.5,3400,sqft,4560,sqft,98109,yes
3,2,1300,sqft,2250,sqft,98103,yes
2,2,1094,sqft,5250,sqft,98122,yes
3,2.5,1763,sqft,2498,sqft,98117,yes
2,1,940,sqft,3300,sqft,98118,yes
3,2.5,1820,sqft,1595,sqft,98103,yes
1,1,650,sqft,,,98121,yes
2,2,1200,sqft,1247,sqft,98122,yes
3,2,1939,sqft,0.31,acre,98109,yes
4,2,1780,sqft,5000,sqft,98117,yes
3,2,2370,sqft,4400,sqft,98119,yes
2,2.5,1411,sqft,1201,sqft,98117,yes
2,1,512,sqft,,,98103,yes
4,2.5,2360,sqft,5725,sqft,98199,yes
3,2,2630,sqft,9702,sqft,98117,yes
5,3,2700,sqft,5670,sqft,98119,yes
1,1,605,sqft,,,98103,yes
2,1,767,sqft,,,98136,yes
2,1,1015,sqft,,,98102,yes
2,2,1245,sqft,,,98168,yes
1,1,513,sqft,0.66,acre,98121,yes
1,1,780,sqft,8960,sqft,98106,yes
4,3,2050,sqft,4362,sqft,98136,yes
2,2,1060,sqft,,,98117,yes
2,2,950,sqft,1308,sqft,98117,yes
3,1.5,1870,sqft,9975,sqft,98168,yes
3,2.5,1060,sqft,1124,sqft,98117,yes
3,2.5,1860,sqft,1063,sqft,98103,yes
3,1.5,1420,sqft,6009,sqft,98117,yes
3,1,1390,sqft,3090,sqft,98144,yes
3,2,1096,sqft,1,acre,98117,yes
3,1,1100,sqft,4120,sqft,98106,yes
3,1,1010,sqft,7100,sqft,98178,yes
3,3.5,1730,sqft,,,98117,yes
2,1.5,1480,sqft,6000,sqft,98118,yes
3,2,1890,sqft,6808,sqft,98106,yes
4,2,2500,sqft,4414,sqft,98144,yes
4,3.5,2840,sqft,4000,sqft,98108,yes
3,2,1608,sqft,1568,sqft,98103,yes
2,2.5,1701,sqft,1827,sqft,98112,yes
1,1,376,sqft,0.23,acre,98199,yes
1,2,1250,sqft,5183,sqft,98116,yes
3,2.5,1790,sqft,1600,sqft,98117,yes
4,2,1670,sqft,7260,sqft,98106,yes
3,2,1640,sqft,5100,sqft,98136,yes
4,4.5,3228,sqft,3600,sqft,98119,yes
4,2,1720,sqft,4242,sqft,98118,yes
4,2,2060,sqft,8762,sqft,98168,yes
3,2,1840,sqft,3432,sqft,98115,yes
4,3.5,3180,sqft,3375,sqft,98122,yes
3,3,1760,sqft,8160,sqft,98125,yes
2,1,1350,sqft,6600,sqft,98115,yes
2,2,1403,sqft,,,98125,yes
3,2,1740,sqft,3519,sqft,98199,yes
3,2,1490,sqft,1050,sqft,98107,yes
3,3,2380,sqft,6172,sqft,98199,yes
1,1,815,sqft,0.48,acre,98121,yes
4,3.5,2900,sqft,7470,sqft,98125,yes
5,3,2370,sqft,5292,sqft,98118,yes
4,1,2470,sqft,0.31,acre,98178,yes
4,1,1740,sqft,6000,sqft,98119,yes
1,1,690,sqft,,,98133,yes
5,3.5,2610,sqft,3623,sqft,98118,yes
4,3.5,2015,sqft,1886,sqft,98116,yes
5,3.5,3880,sqft,6000,sqft,98112,yes
4,2,2280,sqft,0.25,acre,98168,yes
4,3,2570,sqft,4480,sqft,98105,yes
5,2,2740,sqft,2850,sqft,98103,yes
2,2,1469,sqft,1762,sqft,98115,yes
3,2.5,2860,sqft,4500,sqft,98126,yes
2,2,1479,sqft,,,98116,yes
5,4.5,3370,sqft,5100,sqft,98117,yes
3,1,1300,sqft,3520,sqft,98109,yes
2,1,780,sqft,8184,sqft,98118,yes
5,6,6990,sqft,4703,sqft,98103,yes
2,2.5,867,sqft,1753,sqft,98115,yes
2,2,1217,sqft,,,98199,yes
3,2.5,2120,sqft,5120,sqft,98122,yes
2,2,1042,sqft,,,98101,yes
2,2,1163,sqft,583,sqft,98117,yes
3,3.5,1580,sqft,,,98144,yes
3,2,1740,sqft,8309,sqft,98115,yes
4,3,1810,sqft,5850,sqft,98116,yes
1,1,1186,sqft,,,98109,yes
3,1,1177,sqft,6150,sqft,98126,yes
2,1.5,770,sqft,850,sqft,98116,yes
4,2,1870,sqft,5280,sqft,98199,yes
1,1,696,sqft,4.27,acre,98115,yes
3,2.5,1380,sqft,1464,sqft,98126,yes
2,1,1650,sqft,6650,sqft,98106,yes
3,2,1640,sqft,5145,sqft,98106,yes
3,3.5,1360,sqft,1248,sqft,98103,yes
3,1,970,sqft,8160,sqft,98177,yes
1,1,490,sqft,,,98104,yes
5,2,2180,sqft,8100,sqft,98122,yes
4,3.5,2970,sqft,3751,sqft,98103,yes
4,2,2340,sqft,4560,sqft,98103,yes
3,3,1420,sqft,6037,sqft,98115,yes
3,2.5,1520,sqft,2814,sqft,98108,yes
2,2,1242,sqft,742,sqft,98122,yes
4,3,3410,sqft,7389,sqft,98144,yes
4,1,1150,sqft,5665,sqft,98118,yes
1,1,691,sqft,,,98115,yes
3,2,1170,sqft,979,sqft,98144,yes
3,2,1360,sqft,8100,sqft,98125,yes
2,2,1200,sqft,1948,sqft,98125,yes
4,2,2680,sqft,6035,sqft,98177,yes
2,1,670,sqft,6300,sqft,98126,yes
1,1,545,sqft,,,98122,yes
3,3.5,1240,sqft,1164,sqft,98116,yes
1,1,700,sqft,,,98109,yes
4,3,2940,sqft,4000,sqft,98126,yes
2,2,1187,sqft,1093,sqft,98115,yes
4,2,1488,sqft,3920,sqft,98115,yes
3,1,970,sqft,0.28,acre,98146,yes
3,2.5,1681,sqft,3.97,acre,98126,yes
2,2,1144,sqft,4850,sqft,98107,yes
4,3.5,2860,sqft,5880,sqft,98199,yes
1,1,773,sqft,,,98102,yes
3,2.5,3100,sqft,4120,sqft,98112,yes
4,3.5,2400,sqft,3060,sqft,98103,yes
3,2.5,2920,sqft,9918,sqft,98133,yes
2,1,876,sqft,,,98116,yes
5,3,3450,sqft,3920,sqft,98109,yes
3,2.5,1330,sqft,936,sqft,98107,yes
4,3.5,2440,sqft,7200,sqft,98125,yes
3,3.5,1580,sqft,1312,sqft,98144,yes
3,2,2299,sqft,6022,sqft,98199,yes
1,1,594,sqft,,,98103,yes
1,1,475,sqft,,,98121,yes
5,3,2360,sqft,2833,sqft,98103,yes
4,3,1780,sqft,5005,sqft,98117,yes
3,2,2250,sqft,8030,sqft,98105,yes
2,2,1073,sqft,,,98133,yes
5,3,1900,sqft,8160,sqft,98118,yes
5,2.5,3090,sqft,6161,sqft,98105,yes
5,6.5,6240,sqft,6750,sqft,98115,yes
1,1,573,sqft,,,98121,yes
2,1,770,sqft,5569,sqft,98115,yes
1,1,820,sqft,0.31,acre,98121,yes
3,2,1622,sqft,1521,sqft,98125,yes
2,1,1210,sqft,2000,sqft,98144,yes
3,1.5,1240,sqft,5000,sqft,98117,yes
3,3,2080,sqft,2486,sqft,98108,yes
2,2,875,sqft,898,sqft,98116,yes
1,1,597,sqft,,,98109,yes
2,2,1370,sqft,,,98168,yes
4,2,2425,sqft,5500,sqft,98105,yes
4,2.5,1760,sqft,2670,sqft,98144,yes
2,2.5,994,sqft,1388,sqft,98136,yes
1,1,515,sqft,1.31,acre,98109,yes
3,3.5,1660,sqft,1228,sqft,98144,yes
4,2,1730,sqft,7723,sqft,98126,yes
5,3,1790,sqft,0.23,acre,98125,yes
1,1,715,sqft,,,98109,yes
2,2,1470,sqft,1094,sqft,98126,yes
3,2,2440,sqft,2700,sqft,98103,yes
4,2,2880,sqft,5000,sqft,98103,yes
3,2,1678,sqft,1191,sqft,98103,yes
3,2,1400,sqft,1281,sqft,98117,yes
6,4.5,5200,sqft,0.25,acre,98144,yes
1,1,806,sqft,,,98102,yes
4,3,2311,sqft,6048,sqft,98115,yes
3,1.5,1060,sqft,6765,sqft,98178,yes
2,1,1150,sqft,7425,sqft,98118,yes
5,3,2580,sqft,4462,sqft,98109,yes
4,3.5,3240,sqft,5600,sqft,98105,yes
5,3.5,3710,sqft,5259,sqft,98199,yes
4,3.5,1632,sqft,0.3,acre,98136,yes
6,7,4641,sqft,5000,sqft,98112,yes
3,3.5,1846,sqft,2250,sqft,98107,yes
2,2,1353,sqft,,,98115,yes
3,2,1240,sqft,5400,sqft,98117,yes
2,1,1760,sqft,4264,sqft,98126,yes
2,3,1290,sqft,,,98199,yes
1,1.5,1285,sqft,0.96,acre,98121,yes
4,2.5,3707,sqft,8100,sqft,98177,yes
3,2,1120,sqft,5518,sqft,98106,yes
6,5,3300,sqft,6800,sqft,98105,yes
3,2,2160,sqft,4590,sqft,98115,yes
2,1,1440,sqft,7080,sqft,98146,yes
5,2,2567,sqft,4995,sqft,98144,yes
3,2,1960,sqft,3300,sqft,98103,yes
3,3.5,1657,sqft,,,98144,yes
5,3,2610,sqft,2550,sqft,98109,yes
2,2,1213,sqft,,,98116,yes
1,1,777,sqft,4.06,acre,98146,yes
3,3.5,1590,sqft,1314,sqft,98144,yes
2,2,1893,sqft,,,98115,yes
3,1.5,1570,sqft,3880,sqft,98117,yes
4,3,2440,sqft,8556,sqft,98199,yes
4,4,3463,sqft,4304,sqft,98112,yes
2,4.5,1840,sqft,1500,sqft,98103,yes
2,2,1554,sqft,9.2,acre,98115,yes
1,1,567,sqft,,,98144,yes
1,1,665,sqft,,,98109,yes
2,1,950,sqft,4300,sqft,98144,yes
2,2,1371,sqft,5480,sqft,98116,yes
3,2,2040,sqft,4000,sqft,98144,yes
4,2.5,2780,sqft,8967,sqft,98136,yes
5,3.5,3410,sqft,5000,sqft,98115,yes
2,1.5,2280,sqft,4000,sqft,98144,yes
3,2,2100,sqft,7800,sqft,98168,yes
2,2,1101,sqft,1608,sqft,98115,yes
4,3.5,1964,sqft,,,98115,yes
3,1.5,1030,sqft,6086,sqft,98125,yes
2,2,1042,sqft,1615,sqft,98144,yes
3,3.5,1740,sqft,5000,sqft,98103,yes
1,2,1302,sqft,,,98121,yes
2,2,905,sqft,,,98121,yes
1,1,460,sqft,8094,sqft,98108,yes
3,2,1540,sqft,993,sqft,98122,yes
1,1,656,sqft,,,98109,yes
5,2,2800,sqft,6250,sqft,98103,yes
3,3.5,2480,sqft,5118,sqft,98122,yes
5,3,2170,sqft,6650,sqft,98168,yes
5,4,2447,sqft,3100,sqft,98117,yes
3,2,2164,sqft,4000,sqft,98117,yes
2,1,740,sqft,7500,sqft,98126,yes
3,2.5,2080,sqft,5160,sqft,98116,yes
2,1,1800,sqft,2613,sqft,98105,yes
2,2,1180,sqft,792,sqft,98106,yes
3,2,2020,sqft,5525,sqft,98117,yes
3,3.5,1150,sqft,1199,sqft,98103,yes
3,2,1220,sqft,1,acre,98107,yes
2,1,810,sqft,6400,sqft,98146,yes
1,1,696,sqft,0.41,acre,98119,yes
3,3.5,2030,sqft,2500,sqft,98122,yes
5,3.5,3930,sqft,7650,sqft,98133,yes
5,2,2920,sqft,7800,sqft,98117,yes
4,2,1460,sqft,5000,sqft,98116,yes
4,1.5,2770,sqft,3038,sqft,98119,yes
2,2,1523,sqft,,,98121,yes
3,3.5,1690,sqft,1444,sqft,98103,yes
3,1,1170,sqft,8100,sqft,98133,yes
4,2,2370,sqft,8775,sqft,98125,yes
1,1,712,sqft,,,98121,yes
2,1,976,sqft,2064,sqft,98106,yes
2,2,1042,sqft,,,98102,yes
2,2,1040,sqft,0.29,acre,98102,yes
1,1,722,sqft,,,98112,yes
2,2,1367,sqft,,,98121,yes
1,1,733,sqft,,,98102,yes
2,1,970,sqft,,,98116,yes
3,2,1711,sqft,1171,sqft,98125,yes
2,1,860,sqft,8280,sqft,98125,yes
1,1,712,sqft,,,98109,yes
1,1,704,sqft,1,acre,98144,yes
3,2.5,1790,sqft,5761,sqft,98106,yes
3,2,2140,sqft,7200,sqft,98115,yes
4,3,2040,sqft,6348,sqft,98103,yes
3,2,1894,sqft,2340,sqft,98144,yes
4,2.5,2750,sqft,5589,sqft,98112,yes
4,3.5,2900,sqft,5040,sqft,98107,yes
2,1,670,sqft,4500,sqft,98106,yes
4,2.5,2190,sqft,4590,sqft,98136,yes
4,1.5,1810,sqft,9998,sqft,98133,yes
3,3,1440,sqft,5300,sqft,98144,yes
3,2,2170,sqft,7920,sqft,98178,yes
2,2,993,sqft,0.24,acre,98103,yes
3,3.5,1450,sqft,1020,sqft,98115,yes
4,3.5,2336,sqft,2392,sqft,98115,yes
4,3,2320,sqft,4640,sqft,98112,yes
3,2,1470,sqft,2226,sqft,98106,yes
1,1,672,sqft,,,98107,yes
3,1.5,990,sqft,4500,sqft,98122,yes
4,3,2110,sqft,7680,sqft,98115,yes
3,1,1670,sqft,5500,sqft,98136,yes
3,2,2060,sqft,5280,sqft,98126,yes
3,1,1920,sqft,7550,sqft,98146,yes
3,2.5,2910,sqft,5200,sqft,98109,yes
2,1.5,912,sqft,1,acre,98103,yes
1,1,645,sqft,,,98126,yes
2,2.5,1160,sqft,1332,sqft,98103,yes
3,1,2280,sqft,6900,sqft,98116,yes
3,2.5,1515,sqft,1563,sqft,98102,yes
3,2.5,2600,sqft,9100,sqft,98146,yes
3,2,1000,sqft,1916,sqft,98122,yes
2,1,672,sqft,0.28,acre,98168,yes
2,2,1320,sqft,,,98119,yes
3,2,2190,sqft,5000,sqft,98106,yes
1,2,1517,sqft,0.32,acre,98105,yes
4,2,2160,sqft,4000,sqft,98122,yes
4,1,2290,sqft,2703,sqft,98103,yes
3,1,1920,sqft,9399,sqft,98117,yes
3,3,1540,sqft,1044,sqft,98115,yes
2,2,983,sqft,,,98102,yes
2,1.5,1670,sqft,5500,sqft,98117,yes
2,2,880,sqft,,,98103,yes
2,2,1526,sqft,,,98109,yes
1,1,569,sqft,,,98104,yes
4,3,2700,sqft,8360,sqft,98199,yes
2,2.5,2282,sqft,2.75,acre,98168,yes
7,3.5,4530,sqft,5047,sqft,98103,yes
1,1,698,sqft,,,98121,yes
3,2,1590,sqft,2500,sqft,98117,yes
2,1,770,sqft,,,98116,yes
3,2,2840,sqft,5196,sqft,98199,yes
6,3,2350,sqft,8800,sqft,98118,yes
1,1,630,sqft,0.35,acre,98104,yes
1,1,482,sqft,,,98109,yes
4,3.5,4350,sqft,7000,sqft,98136,yes
1,3,1730,sqft,5500,sqft,98118,yes
1,1,761,sqft,,,98109,yes
3,2,1684,sqft,1395,sqft,98117,yes
3,2.5,2040,sqft,3298,sqft,98136,yes
2,2,1057,sqft,0.28,acre,98105,yes
3,2,2256,sqft,3500,sqft,98119,yes
4,2,1900,sqft,5350,sqft,98118,yes
2,1,760,sqft,8686,sqft,98115,yes
2,1,780,sqft,6860,sqft,98146,yes
4,3,3020,sqft,3254,sqft,98106,yes
1,2.5,2220,sqft,2519,sqft,98103,yes
2,2,877,sqft,,,98115,yes
4,2,1530,sqft,8782,sqft,98118,yes
2,1,850,sqft,6000,sqft,98118,yes
3,2.5,1860,sqft,7992,sqft,98136,yes
2,2,980,sqft,3000,sqft,98118,yes
3,2,1470,sqft,1348,sqft,98107,yes
2,1,980,sqft,2226,sqft,98144,yes
2,2,1003,sqft,,,98121,yes
3,1,996,sqft,2588,sqft,98125,yes
1,1,980,sqft,3700,sqft,98106,yes
4,1.5,2380,sqft,5500,sqft,98117,yes
2,2,2470,sqft,4800,sqft,98102,yes
4,4,2120,sqft,6000,sqft,98136,yes
2,2.5,840,sqft,2891,sqft,98115,yes
4,5,1910,sqft,6750,sqft,98177,yes
2,1,1380,sqft,6613,sqft,98106,yes
4,5,2390,sqft,6156,sqft,98117,yes
4,3,2840,sqft,4550,sqft,98122,yes
2,1,875,sqft,,,98115,yes
3,2.5,1813,sqft,,,98116,yes
3,3.5,2996,sqft,5219,sqft,98115,yes
5,3.5,5020,sqft,5880,sqft,98126,yes
3,2,1498,sqft,1238,sqft,98122,yes
2,1,711,sqft,5011,sqft,98107,yes
4,3,2740,sqft,5616,sqft,98115,yes
3,2,1328,sqft,859,sqft,98103,yes
2,2,1332,sqft,1101,sqft,98199,yes
3,2,2020,sqft,6397,sqft,98117,yes
1,1,916,sqft,,,98121,yes
2,2,1546,sqft,1368,sqft,98108,yes
4,3,2970,sqft,7350,sqft,98118,yes
3,3.5,1615,sqft,1,acre,98133,yes
2,2,1170,sqft,588,sqft,98144,yes
3,2,1350,sqft,1056,sqft,98136,yes
2,2,1143,sqft,672,sqft,98107,yes
3,2.5,1220,sqft,1095,sqft,98109,yes
4,1.5,2100,sqft,6532,sqft,98199,yes
4,1.5,3200,sqft,5508,sqft,98117,yes
1,2,1137,sqft,,,98119,yes
3,2,2930,sqft,0.7,acre,98146,yes
2,1,808,sqft,,,98115,yes
4,4,2550,sqft,5300,sqft,98117,yes
2,2,789,sqft,0.27,acre,98107,yes
3,3,2546,sqft,3600,sqft,98109,yes
2,1,680,sqft,8382,sqft,98146,yes
2,1.5,1000,sqft,1000,sqft,98117,yes
3,2,1676,sqft,4828,sqft,98115,yes
2,1,985,sqft,,,98121,yes
1,1,750,sqft,5750,sqft,98116,yes
1,1,843,sqft,,,98125,yes
4,2,3220,sqft,7800,sqft,98177,yes
2,2,2340,sqft,6802,sqft,98105,yes
1,1,543,sqft,,,98109,yes
5,3,4040,sqft,4320,sqft,98105,yes
2,1,990,sqft,4800,sqft,98108,yes
4,4,2850,sqft,4900,sqft,98105,yes
4,2.5,1620,sqft,6120,sqft,98126,yes
1,1,514,sqft,,,98122,yes
2,1,1240,sqft,4317,sqft,98116,yes
3,2.5,1620,sqft,1377,sqft,98112,yes
3,3,1608,sqft,2039,sqft,98126,yes
4,1,1530,sqft,6250,sqft,98117,yes
4,2,2270,sqft,3600,sqft,98119,yes
1,1,908,sqft,,,98107,yes
2,1,1180,sqft,1560,sqft,98122,yes
1,1,672,sqft,0.54,acre,98107,yes
3,1.5,998,sqft,904,sqft,98117,yes
4,2,2220,sqft,5775,sqft,98144,yes
1,1,700,sqft,0.41,acre,98119,yes
7,6,7636,sqft,8625,sqft,98103,yes
4,5.5,3530,sqft,0.44,acre,98118,yes
3,2,1620,sqft,3840,sqft,98117,yes
4,3,1620,sqft,3380,sqft,98117,yes
2,2,1138,sqft,,,98126,yes
1,1,669,sqft,,,98121,yes
4,3.5,2600,sqft,4101,sqft,98108,yes
3,2,1960,sqft,6138,sqft,98115,yes
2,2,950,sqft,0.68,acre,98106,yes
2,2,1410,sqft,0.25,acre,98112,yes
2,1.5,1022,sqft,1,acre,98144,yes
4,2,2840,sqft,5750,sqft,98126,yes
1,1,712,sqft,,,98116,yes
5,2,1920,sqft,4173,sqft,98118,yes
3,3.5,3880,sqft,0.29,acre,98199,yes
3,2,1010,sqft,6300,sqft,98106,yes
6,4,3300,sqft,3810,sqft,98103,yes
3,1,1070,sqft,6567,sqft,98178,yes
3,1,1270,sqft,7140,sqft,98117,yes
3,2,1413,sqft,1,acre,98103,yes
3,2.5,1820,sqft,3090,sqft,98115,yes
2,2,1415,sqft,,,98125,yes
3,3,2212,sqft,,,98109,yes
3,3.5,3290,sqft,7338,sqft,98126,yes
2,2,1391,sqft,1049,sqft,98115,yes
2,2,1372,sqft,900,sqft,98125,yes
2,1.5,960,sqft,8057,sqft,98199,yes
3,2.5,1890,sqft,1097,sqft,98144,yes
4,3,2230,sqft,6700,sqft,98115,yes
1,1.5,952,sqft,,,98101,yes
2,1,925,sqft,,,98103,yes
4,2,1820,sqft,5600,sqft,98117,yes
8,4.5,3600,sqft,4360,sqft,98105,yes
2,2.5,1305,sqft,2044,sqft,98116,yes
3,2,1840,sqft,3880,sqft,98117,yes
1,1,782,sqft,,,98101,yes
2,2.5,1040,sqft,990,sqft,98117,yes
2,2,1050,sqft,,,98103,yes
2,2,1019,sqft,,,98119,yes
4,2.5,3198,sqft,5000,sqft,98103,yes
1,1,557,sqft,,,98105,yes
2,2.5,950,sqft,1500,sqft,98107,yes
3,1,1050,sqft,4080,sqft,98117,yes
1,1,533,sqft,,,98126,yes
3,1,860,sqft,8054,sqft,98178,yes
4,3,1890,sqft,1097,sqft,98144,yes
2,2.5,1138,sqft,3.97,acre,98126,yes
4,2,1830,sqft,9920,sqft,98146,yes
2,1,1980,sqft,2295,sqft,98144,yes
3,5.5,1730,sqft,1766,sqft,98105,yes
3,3,2462,sqft,2272,sqft,98117,yes
3,3.5,1300,sqft,1994,sqft,98106,yes
4,2,1550,sqft,6000,sqft,98103,yes
3,3.5,1679,sqft,1,acre,98126,yes
3,1,1220,sqft,5850,sqft,98116,yes
3,1.5,1540,sqft,8505,sqft,98178,yes
3,2,1520,sqft,2185,sqft,98116,yes
3,1,1320,sqft,6250,sqft,98168,yes
2,1,1290,sqft,1875,sqft,98103,yes
3,2.5,1870,sqft,837,sqft,98117,yes
3,3.5,1762,sqft,1494,sqft,98102,yes
3,1,1240,sqft,4842,sqft,98118,yes
3,1.5,1307,sqft,1362,sqft,98125,yes
2,2,1167,sqft,,,98107,yes
2,1.5,1070,sqft,1569,sqft,98103,yes
2,1,1820,sqft,7500,sqft,98125,yes
3,2,1790,sqft,4080,sqft,98115,yes
5,3.5,3700,sqft,5520,sqft,98119,yes
4,3.5,3340,sqft,6300,sqft,98144,yes
4,2.5,2250,sqft,7650,sqft,98106,yes
3,2,1799,sqft,1471,sqft,98103,yes
1,1,584,sqft,,,98199,yes
5,2.5,4639,sqft,8036,sqft,98112,yes
3,1,1810,sqft,0.24,acre,98178,yes
1,1,907,sqft,,,98119,yes
3,2,2120,sqft,6009,sqft,98117,yes
1,1,616,sqft,0.35,acre,98101,yes
6,6,1780,sqft,7900,sqft,98168,yes
4,2,2630,sqft,8750,sqft,98115,yes
5,3,3060,sqft,6250,sqft,98116,yes
3,2,2700,sqft,0.37,acre,98178,yes
5,4,2030,sqft,6000,sqft,98144,yes
3,2.5,1620,sqft,1423,sqft,98122,yes
5,4.5,5704,sqft,7200,sqft,98119,yes
2,1,700,sqft,4000,sqft,98117,yes
2,3,1260,sqft,3920,sqft,98117,yes
4,2,1770,sqft,3920,sqft,98115,yes
4,2.5,1812,sqft,1632,sqft,98136,yes
1,1,648,sqft,,,98121,yes
2,2,840,sqft,1177,sqft,98144,yes
3,2,2100,sqft,7800,sqft,98136,yes
5,3,2550,sqft,9192,sqft,98125,yes
1,1,774,sqft,,,98146,yes
2,2.5,1736,sqft,,,98122,yes
3,2.5,2198,sqft,2621,sqft,98144,yes
2,1,770,sqft,6501,sqft,98125,yes
2,2,1150,sqft,2462,sqft,98107,yes
3,2,2330,sqft,5280,sqft,98103,yes
5,4.5,4693,sqft,0.24,acre,98122,yes
3,3,1790,sqft,7286,sqft,98125,yes
4,3.5,2960,sqft,4500,sqft,98103,yes
1,1,591,sqft,,,98119,yes
2,2,1391,sqft,0.34,acre,98109,yes
3,2,1160,sqft,7500,sqft,98178,yes
1,1,720,sqft,,,98126,yes
1,1,701,sqft,,,98115,yes
4,2,2570,sqft,4800,sqft,98103,yes
3,2,1611,sqft,4648,sqft,98107,yes
4,2.5,2474,sqft,2970,sqft,98115,yes
3,2,1300,sqft,2997,sqft,98144,yes
2,2.5,840,sqft,1224,sqft,98144,yes
2,2,1100,sqft,698,sqft,98107,yes
3,2.5,2730,sqft,3000,sqft,98122,yes
2,2,1004,sqft,,,98125,yes
3,3,1650,sqft,1622,sqft,98103,yes
3,3,1650,sqft,1376,sqft,98103,yes
4,1,1850,sqft,4500,sqft,98118,yes
5,3.5,4050,sqft,3600,sqft,98119,yes
1,1,865,sqft,1.26,acre,98112,yes
2,2,1252,sqft,,,98121,yes
3,3,1790,sqft,7080,sqft,98109,yes
5,3,2020,sqft,6000,sqft,98119,yes
3,1.5,1280,sqft,4000,sqft,98144,yes
4,2,1630,sqft,4982,sqft,98116,yes
3,3.5,1460,sqft,1200,sqft,98117,yes
3,2,1210,sqft,1374,sqft,98103,yes
4,2,2080,sqft,5250,sqft,98116,yes
4,2,3542,sqft,5000,sqft,98144,yes
3,1.5,2200,sqft,4800,sqft,98117,yes
1,1,603,sqft,,,98133,yes
2,2,1456,sqft,,,98199,yes
2,2.5,1169,sqft,1092,sqft,98117,yes
2,1,1770,sqft,4800,sqft,98103,yes
4,2,1641,sqft,6122,sqft,98118,yes
1,1,600,sqft,,,98122,yes
2,1.5,860,sqft,1154,sqft,98122,yes
4,3.5,4990,sqft,0.25,acre,98112,yes
3,2,1749,sqft,1149,sqft,98125,yes
3,4,1580,sqft,1086,sqft,98144,yes
3,2.5,2340,sqft,8000,sqft,98177,yes
6,3,2440,sqft,8000,sqft,98144,yes
1,1,705,sqft,,,98103,yes
2,2,1227,sqft,1393,sqft,98115,yes
5,4,2734,sqft,3774,sqft,98115,yes
2,2,839,sqft,0.53,acre,98125,yes
3,1,1120,sqft,7407,sqft,98178,yes
3,2,1482,sqft,1085,sqft,98117,yes
3,3.5,1680,sqft,1486,sqft,98126,no
2,2,1400,sqft,0.34,acre,98199,no
3,2,1370,sqft,0.5,acre,98112,yes
1,1,889,sqft,,,98121,yes
4,2,2140,sqft,6250,sqft,98199,yes
2,2,795,sqft,,,98103,yes
3,2,1710,sqft,4267,sqft,98133,yes
